Card name,Official URL ,Card Issuer,Status,,,,,,,,,,,,,,,,,,,,,,
,,issuer (enum),status,"network (enum: Visa, Mastercard, Rupay, Amex etc)",is_lifetime_free (bool),annual_fee (numeric),"fee_waiver_spend_threshold (numeric, optional)",is_upi_enabled (bool),is_cashback_primary (bool),is_rewards_points_primary (bool),has_dining_benefit (bool),has_travel_benefit (bool),has_fuel_benefit (bool),has_online_shopping_benefit (bool),has_entertainment_benefit (bool),has_groceries_benefit (bool),has_domestic_lounge (bool),has_international_lounge (bool),"co_brand_name (text, for display)","co_brand_type (enum: ecommerce, airline, hotel, food delivery etc)",cashback_generic_rate,cashback_top_category_rate,rewards_generic_multiplier,rewards_top_category_multiplier,(Available/Discontinued/Questionable) 
ACE Credit Card,https://www.yes.bank.in/personal-banking/yes-individual/cards/credit-cards/ace-credit-card,YES Bank,Active,,,,,,,,,,,,,,,,,,,,,,
ANQ Phi Credit Card,https://www.yes.bank.in/personal-banking/yes-individual/cards/credit-cards/anq-phi-credit-card,YES Bank,Discontinued,,,,,,,,,,,,,,,,,,,,,,
BYOC Credit Card,https://www.yes.bank.in/personal-banking/yes-individual/cards/credit-cards/byoc-credit-card,YES Bank,Active,,,,,,,,,,,,,,,,,,,,,,
Elite+ Credit Card,https://www.yes.bank.in/personal-banking/yes-individual/cards/credit-cards/elite-plus-credit-card,YES Bank,Active,,,,,,,,,,,,,,,,,,,,,,
EMI Credit Card,https://www.yes.bank.in/personal-banking/yes-individual/cards/credit-cards/emi-credit-card,YES Bank,Active,,,,,,,,,,,,,,,,,,,,,,
FinBooster Credit Card,https://www.yes.bank.in/personal-banking/yes-individual/cards/credit-cards/finbooster-card,YES Bank,Active,,,,,,,,,,,,,,,,,,,,,,
FinBooster RuPay Credit Card,https://www.yes.bank.in/personal-banking/yes-individual/cards/credit-cards/finbooster-rupay-credit-card,YES Bank,Active,,,,,,,,,,,,,,,,,,,,,,
Klick Credit Card,https://www.yes.bank.in/personal-banking/yes-individual/cards/credit-cards/klick-credit-card,YES Bank,Active,,,,,,,,,,,,,,,,,,,,,,
MARQUEE Credit Card,https://www.yes.bank.in/personal-banking/yes-individual/cards/credit-cards/marquee-credit-card,YES Bank,Active,,,,,,,,,,,,,,,,,,,,,,
Paisabazaar PaisaSave Credit Card,https://www.yes.bank.in/personal-banking/yes-individual/cards/credit-cards/paisabazaar-credit-card,YES Bank,Active,,,,,,,,,,,,,,,,,,,,,,
Paisabazaar PaisaSave RuPay Credit Card,https://www.yes.bank.in/personal-banking/yes-individual/cards/credit-cards/paisabazaar-rupay-credit-card,YES Bank,Active,,,,,,,,,,,,,,,,,,,,,,
POP‑CLUB Credit Card,https://www.yes.bank.in/personal-banking/yes-individual/cards/credit-cards/pop-club-credit-card,YES Bank,Active,,,,,,,,,,,,,,,,,,,,,,
RIO Credit Card,https://www.yes.bank.in/personal-banking/yes-individual/cards/credit-cards/rio-credit-card,YES Bank,Discontinued,,,,,,,,,,,,,,,,,,,,,,
RuPay Credit Card,https://www.yes.bank.in/personal-banking/yes-individual/cards/credit-cards/rupay-credit-card,YES Bank,Active,,,,,,,,,,,,,,,,,,,,,,
Select Credit Card,https://www.yes.bank.in/personal-banking/yes-individual/cards/credit-cards/select-credit-card,YES Bank,Active,,,,,,,,,,,,,,,,,,,,,,
UNI Credit Card,https://www.yes.bank.in/personal-banking/yes-individual/cards/credit-cards/uni-credit-card,YES Bank,Active,,,,,,,,,,,,,,,,,,,,,,
Wellness Credit Card,https://www.yes.bank.in/personal-banking/yes-individual/cards/credit-cards/wellness-cards,YES Bank,Active,,,,,,,,,,,,,,,,,,,,,,
Wellness Plus Credit Card,https://www.yes.bank.in/personal-banking/yes-individual/cards/credit-cards/wellness-plus-cards,YES Bank,Active,,,,,,,,,,,,,,,,,,,,,,
YES First Business Card,https://www.yes.bank.in/business-banking/cards/credit-cards/yes-first-business-card,YES Bank,Active,,,,,,,,,,,,,,,,,,,,,,
YES Prosperity Business Card,https://www.yes.bank.in/business-banking/cards/credit-cards/yes-prosperity-business-card,YES Bank,Active,,,,,,,,,,,,,,,,,,,,,,
YES PRIVATE Credit Card,https://www.yes.bank.in/personal-banking/nri/credit-cards/yes-private-credit-card,YES Bank,Active,,,,,,,,,,,,,,,,,,,,,,
RESERV Credit Card,https://www.yes.bank.in/personal-banking/nri/credit-cards/reserv-credit-card,YES Bank,Active,,,,,,,,,,,,,,,,,,,,,,
YES FIRST Corporate Credit Card,https://www.yes.bank.in/corporate-banking/products-and-services/credit-card/yes-first-corporate-credit-card,YES Bank,Active,,,,,,,,,,,,,,,,,,,,,,
YES Prosperity Purchase Credit Card,https://www.yes.bank.in/corporate-banking/products-and-services/credit-card/yes-prosperity-purchase-credit-card,YES Bank,Active,,,,,,,,,,,,,,,,,,,,,,
Co-brand Zaggle Corporate Credit Card,https://www.yes.bank.in/corporate-banking/products-and-services/credit-card/yes-first-cobrand-corporate-credit-card,YES Bank,Active,,,,,,,,,,,,,,,,,,,,,,
YES BANK RazorpayX Purchase Credit Card,https://www.yes.bank.in/corporate-banking/products-and-services/co-brand-razorpayx-purchase-credit-card,YES Bank,Active,,,,,,,,,,,,,,,,,,,,,,
American Express® Platinum Card,https://www.americanexpress.com/in/charge-cards/platinum-card/?linknav=in-amex-cardshop-details-browse-AmericanExpressPlatinum,American Express,Active,,,,,,,,,,,,,,,,,,,,,,
American Express SmartEarn™ Credit Card,https://www.americanexpress.com/in/credit-cards/smart-earn-credit-card/,American Express,Discontinued,,,,,,,,,,,,,,,,,,,,,,
American Express Membership Rewards® Credit Card,https://www.americanexpress.com/in/credit-cards/membership-rewards-card/?linknav=in-amex-cardshop-details-browse-AmericanExpressMembershipRewards,American Express,Active,,,,,,,,,,,,,,,,,,,,,,
American Express® Platinum ReserveSM Credit Card,https://www.americanexpress.com/in/credit-cards/platinum-reserve-credit-card/,American Express,Active,,,,,,,,,,,,,,,,,,,,,,
American Express® Gold Card,https://www.americanexpress.com/in/charge-cards/gold-card/?linknav=in-amex-cardshop-allcards-learn-AmericanExpressGold-carousel,American Express,Active,,,,,,,,,,,,,,,,,,,,,,
American Express® Platinum Travel Credit Card,https://www.americanexpress.com/in/credit-cards/platinum-travel-credit-card/,American Express,Active,,,,,,,,,,,,,,,,,,,,,,
American Express® Corporate Platinum Card,https://www.americanexpress.com/en-in/business/corporate-card-platinum/,American Express,Active,,,,,,,,,,,,,,,,,,,,,,
American Express® Corporate Gold Card,https://www.americanexpress.com/en-in/business/corporate-card/gold-corporate-card/,American Express,Active,,,,,,,,,,,,,,,,,,,,,,
American Express® Corporate Green Card,https://www.americanexpress.com/en-in/business/corporate-card/green-corporate-card/,American Express,Active,,,,,,,,,,,,,,,,,,,,,,
Zenith+ Credit Card,https://www.au.bank.in/personal-banking/credit-cards/zenith-plus-credit-card,AU Small Finance Bank,Active,,,,,,,,,,,,,,,,,,,,,,
LIT Credit Card,https://www.au.bank.in/personal-banking/credit-cards/lit-credit-card,AU Small Finance Bank,Active,,,,,,,,,,,,,,,,,,,,,,
New AU CA Metal Credit Card,https://www.au.bank.in/personal-banking/credit-cards/ca-credit-card,AU Small Finance Bank,Active,,,,,,,,,,,,,,,,,,,,,,
Zenith Credit Card,https://www.au.bank.in/personal-banking/credit-cards/zenith-credit-card,AU Small Finance Bank,Active,,,,,,,,,,,,,,,,,,,,,,
Vetta Credit Card,https://www.au.bank.in/personal-banking/credit-cards/vetta-credit-card,AU Small Finance Bank,Active,,,,,,,,,,,,,,,,,,,,,,
Altura Plus Credit Card,https://www.au.bank.in/personal-banking/credit-cards/altura-plus-credit-card,AU Small Finance Bank,Active,,,,,,,,,,,,,,,,,,,,,,
Altura Credit Card,https://www.au.bank.in/personal-banking/credit-cards/altura-credit-card,AU Small Finance Bank,Active,,,,,,,,,,,,,,,,,,,,,,
Xcite Ultra Credit Card,https://www.au.bank.in/personal-banking/credit-cards/swipeup-program/xcite-ultra-credit-card,AU Small Finance Bank,Active,,,,,,,,,,,,,,,,,,,,,,
Xcite Ace Credit Card,https://www.au.bank.in/personal-banking/credit-cards/swipeup-program/xcite-ace-credit-card,AU Small Finance Bank,Active,,,,,,,,,,,,,,,,,,,,,,
Xcite Credit Card,https://www.au.bank.in/personal-banking/credit-cards/swipeup-program/xcite-credit-card,AU Small Finance Bank,Active,,,,,,,,,,,,,,,,,,,,,,
InstaPay Credit Card,https://www.au.bank.in/personal-banking/credit-cards/instapay-credit-card,AU Small Finance Bank,Active,,,,,,,,,,,,,,,,,,,,,,
ixigo AU Credit Card,https://www.au.bank.in/personal-banking/credit-cards/ixigo-au-travel-credit-card,AU Small Finance Bank,Active,,,,,,,,,,,,,,,,,,,,,,
AU NOMO Credit Card,https://www.au.bank.in/personal-banking/credit-cards/nomo-credit-card,AU Small Finance Bank,Active,,,,,,,,,,,,,,,,,,,,,,
AU SPONT Credit Card,https://www.au.bank.in/personal-banking/credit-cards/au-spont-credit-card,AU Small Finance Bank,Active,,,,,,,,,,,,,,,,,,,,,,
ABC Nxt and Flex Credit Card,https://www.au.bank.in/personal-banking/credit-cards/abc-nxt-and-abc-flex-credit-cards,AU Small Finance Bank,Active,,,,,,,,,,,,,,,,,,,,,,
ABC Pro Credit Card,https://www.au.bank.in/personal-banking/credit-cards/abc-pro-credit-card,AU Small Finance Bank,Active,,,,,,,,,,,,,,,,,,,,,,
AU Fi MagniFi Credit Card,https://www.au.bank.in/personal-banking/credit-cards/magnifi-cc,AU Small Finance Bank,Active,,,,,,,,,,,,,,,,,,,,,,
AU KOSMO Credit Card,https://www.au.bank.in/personal-banking/credit-cards/kosmo-credit-card,AU Small Finance Bank,Active,,,,,,,,,,,,,,,,,,,,,,
Traverse Credit Card,https://www.au.bank.in/personal-banking/credit-cards/traverse-credit-card,AU Small Finance Bank,Active,,,,,,,,,,,,,,,,,,,,,,
AU Corporate Credit Card,https://www.au.bank.in/personal-banking/commercial-credit-cards/corporate-credit-card,AU Small Finance Bank,Active,,,,,,,,,,,,,,,,,,,,,,
Business Cashback Credit Card,https://www.au.bank.in/personal-banking/commercial-credit-cards/business-cashback-credit-card,AU Small Finance Bank,Active,,,,,,,,,,,,,,,,,,,,,,
ABC Biz Credit Card,https://www.au.bank.in/personal-banking/credit-cards/abc-biz-credit-card,AU Small Finance Bank,Active,,,,,,,,,,,,,,,,,,,,,,
AXIS BANK PRIVILEGE Credit Card,https://www.axis.bank.in/cards/credit-card/privilege-credit-card-with-unlimited-benefits,Axis Bank,Discontinued,,,,,,,,,,,,,,,,,,,,,,
FLIPKART AXIS BANK Credit Card,https://www.axis.bank.in/cards/credit-card/flipkart-axisbank-credit-card,Axis Bank,Active,,,,,,,,,,,,,,,,,,,,,,
Neo Credit Card,https://www.axis.bank.in/cards/credit-card/axis-bank-neo-credit-card,Axis Bank,Active,,,,,,,,,,,,,,,,,,,,,,
INDIANOIL AXIS BANK Credit Card,https://www.axis.bank.in/cards/credit-card/indianoil-axis-bank-credit-card,Axis Bank,Active,,,,,,,,,,,,,,,,,,,,,,
Axis Bank My Zone Credit Card,https://www.axis.bank.in/cards/credit-card/axis-bank-my-zone-credit-card,Axis Bank,Active,,,,,,,,,,,,,,,,,,,,,,
Axis Bank ACE Credit Card,https://www.axis.bank.in/cards/credit-card/axis-bank-ace-credit-card,Axis Bank,Active,,,,,,,,,,,,,,,,,,,,,,
Axis Bank REWARDS Credit Card,https://www.axis.bank.in/cards/credit-card/rewards-credit-card,Axis Bank,Active,,,,,,,,,,,,,,,,,,,,,,
Google Pay Flex Axis Bank Credit Card,https://www.axis.bank.in/cards/credit-card/google-pay-flex-axis-bank-credit-card,Axis Bank,Active,,,,,,,,,,,,,,,,,,,,,,
Airtel Axis Bank Credit Card,https://www.axis.bank.in/cards/credit-card/airtel-axis-bank-credit-card,Axis Bank,Active,,,,,,,,,,,,,,,,,,,,,,
HORIZON Credit Card,https://www.axis.bank.in/cards/credit-card/axis-horizon-credit-card,Axis Bank,Active,,,,,,,,,,,,,,,,,,,,,,
Axis Bank Select Credit Card,https://www.axis.bank.in/cards/credit-card/axis-bank-select-credit-card,Axis Bank,Active,,,,,,,,,,,,,,,,,,,,,,
Cashback Credit Card,https://www.axis.bank.in/cards/credit-card/cashback-credit-card,Axis Bank,Active,,,,,,,,,,,,,,,,,,,,,,
AXIS BANK MAGNUS Credit Card,https://www.axis.bank.in/cards/credit-card/axis-bank-magnus-credit-card,Axis Bank,Active,,,,,,,,,,,,,,,,,,,,,,
Axis Bank Reserve Credit Card,https://www.axis.bank.in/cards/credit-card/reserve-credit-card,Axis Bank,Active,,,,,,,,,,,,,,,,,,,,,,
Axis Bank MY Zone Easy Credit Card,https://www.axis.bank.in/cards/credit-card/my-zone-easy-credit-card,Axis Bank,Active,,,,,,,,,,,,,,,,,,,,,,
IndianOil Easy Axis Bank Credit Card,https://www.axis.bank.in/cards/credit-card/indianoil-easy-axis-bank-credit-card,Axis Bank,Active,,,,,,,,,,,,,,,,,,,,,,
Privilege Easy Credit Card,https://www.axis.bank.in/cards/credit-card/privilege-easy-credit-card,Axis Bank,Active,,,,,,,,,,,,,,,,,,,,,,
Axis Bank Atlas Credit Card,https://www.axis.bank.in/cards/credit-card/axis-bank-atlas-credit-card,Axis Bank,Active,,,,,,,,,,,,,,,,,,,,,,
Axis Bank AURA Credit Card,https://www.axis.bank.in/cards/credit-card/axis-bank-aura-credit-card,Axis Bank,Discontinued,,,,,,,,,,,,,,,,,,,,,,
IndianOil Axis Bank Premium Credit Card,https://www.axis.bank.in/cards/credit-card/indianoil-premium-credit-card,Axis Bank,Active,,,,,,,,,,,,,,,,,,,,,,
Axis Bank Pride Platinum Credit Card,https://www.axis.bank.in/cards/credit-card/pride-platinum-credit-card,Axis Bank,Active,,,,,,,,,,,,,,,,,,,,,,
Axis Bank Pride Signature Credit Card,https://www.axis.bank.in/cards/credit-card/pride-signature-credit-card,Axis Bank,Active,,,,,,,,,,,,,,,,,,,,,,
Axis Bank Signature Credit Card with Lifestyle Benefits,https://www.axis.bank.in/cards/credit-card/signature-credit-card-with-lifestyle-benefits,Axis Bank,Discontinued,,,,,,,,,,,,,,,,,,,,,,
Platinum Credit Card,https://www.axis.bank.in/cards/credit-card/platinum-credit-card,Axis Bank,Active,,,,,,,,,,,,,,,,,,,,,,
Titanium Smart Traveler Credit Card,https://www.axis.bank.in/cards/credit-card/titanium-smart-traveler-credit-card,Axis Bank,Active,,,,,,,,,,,,,,,,,,,,,,
Flipkart Axis Bank Super Elite Credit Card,https://www.axis.bank.in/cards/credit-card/flipkart-axis-bank-super-elite-credit-card,Axis Bank,Active,,,,,,,,,,,,,,,,,,,,,,
SpiceJet Axis Bank Voyage Black Credit Card,https://www.axis.bank.in/cards/credit-card/spicejet-axis-bank-voyage-black-credit-card,Axis Bank,Active,,,,,,,,,,,,,,,,,,,,,,
Samsung Axis Bank Infinite Credit Card,https://www.axis.bank.in/cards/credit-card/samsung-axis-bank-infinite-credit-card,Axis Bank,Active,,,,,,,,,,,,,,,,,,,,,,
Fibe Axis Bank Credit Card,https://www.axis.bank.in/cards/credit-card/fibe-axis-bank-credit-card,Axis Bank,Active,,,,,,,,,,,,,,,,,,,,,,
Axis Bank Shoppers Stop Credit Card,https://www.axis.bank.in/cards/credit-card/axis-bank-shoppers-stop-credit-card,Axis Bank,Active,,,,,,,,,,,,,,,,,,,,,,
SpiceJet Axis Bank Voyage Credit Card,https://www.axis.bank.in/cards/credit-card/spicejet-axis-bank-voyage-credit-card,Axis Bank,Active,,,,,,,,,,,,,,,,,,,,,,
Samsung Axis Bank Signature Credit Card,https://www.axis.bank.in/cards/credit-card/samsung-axis-bank-signature-credit-card,Axis Bank,Active,,,,,,,,,,,,,,,,,,,,,,
Miles and More Axis Bank Credit Card,https://www.axis.bank.in/cards/credit-card/miles-more-credit-card,Axis Bank,Active,,,,,,,,,,,,,,,,,,,,,,
Axis Bank Freecharge Credit Card,https://www.axis.bank.in/cards/credit-card/axis-bank-freecharge-credit-card,Axis Bank,Active,,,,,,,,,,,,,,,,,,,,,,
Axis Bank Freecharge Plus Credit Card,https://www.axis.bank.in/cards/credit-card/axis-bank-freecharge-plus-credit-card,Axis Bank,Active,,,,,,,,,,,,,,,,,,,,,,
LIC Axis Bank Signature Credit Card,https://www.axis.bank.in/cards/credit-card/lic-axis-bank-signature-credit-card,Axis Bank,Active,,,,,,,,,,,,,,,,,,,,,,
LIC Axis Bank Platinum Credit Card,https://www.axis.bank.in/cards/credit-card/lic-axis-bank-platinum-credit-card,Axis Bank,Active,,,,,,,,,,,,,,,,,,,,,,
AXIS BANK VISTARA SIGNATURE Credit Card,https://www.axis.bank.in/cards/credit-card/axis-bank-vistara-signature-credit-card,Axis Bank,Discontinued,,,,,,,,,,,,,,,,,,,,,,
AXIS BANK VISTARA Credit Card,https://www.axis.bank.in/cards/credit-card/axis-bank-vistara-credit-card,Axis Bank,Discontinued,,,,,,,,,,,,,,,,,,,,,,
Kwik Axis Bank Credit Card,https://www.axis.bank.in/cards/credit-card/axis-bank-kwik-credit-card,Axis Bank,Active,,,,,,,,,,,,,,,,,,,,,,
Axis Bank Vistara Infinite Credit Card,https://www.axis.bank.in/cards/credit-card/axis-bank-vistara-infinite-credit-card,Axis Bank,Active,,,,,,,,,,,,,,,,,,,,,,
Purchase Control (Virtual Card),https://www.axis.bank.in/cards/commercial-credit-card/purchase-control-virtual-card,Axis Bank,Active,,,,,,,,,,,,,,,,,,,,,,
Purchase Card,https://www.axis.bank.in/cards/commercial-credit-card/purchase-card,Axis Bank,Active,,,,,,,,,,,,,,,,,,,,,,
Corporate Credit Card with Corporate Liability,https://www.axis.bank.in/cards/commercial-credit-card/corporate-credit-card-with-corporate-liability,Axis Bank,Active,,,,,,,,,,,,,,,,,,,,,,
Axis Bank Business Supreme Visa,https://www.axis.bank.in/cards/commercial-credit-card/business-supreme-visa-credit-card,Axis Bank,Active,,,,,,,,,,,,,,,,,,,,,,
Axis Bank Business Supreme Master card,https://www.axis.bank.in/cards/commercial-credit-card/business-supreme-master-credit-card,Axis Bank,Active,,,,,,,,,,,,,,,,,,,,,,
Central Travel Account Card,https://www.axis.bank.in/cards/commercial-credit-card/central-travel-account-card,Axis Bank,Discontinued,,,,,,,,,,,,,,,,,,,,,,
Axis Bank Executive Corporate Credit Card,https://www.axis.bank.in/cards/commercial-credit-card/axis-bank-executive-corporate-credit-card,Axis Bank,Active,,,,,,,,,,,,,,,,,,,,,,
Purchase Reward Card,https://www.axis.bank.in/cards/commercial-credit-card/purchase-reward-card,Axis Bank,Active,,,,,,,,,,,,,,,,,,,,,,
BOBCARD VIKRAM,https://www.bobcard.co.in/credit-card-types/vikram,Bank of Baroda,Active,,,,,,,,,,,,,,,,,,,,,,
Indian Coast Guard Rakshamah BOBCARD,https://www.bobcard.co.in/credit-card-types/indian-coast-guard-rakshamah,Bank of Baroda,Active,,,,,,,,,,,,,,,,,,,,,,
IRCTC BOBCARD,https://www.bobcard.co.in/credit-card-types/irctc-bobcard,Bank of Baroda,Active,,,,,,,,,,,,,,,,,,,,,,
INDIAN ARMY YODDHA BOBCARD,https://www.bobcard.co.in/credit-card-types/indian-army-yoddha,Bank of Baroda,Active,,,,,,,,,,,,,,,,,,,,,,
Indian Navy Varunah BOBCARD,https://www.bobcard.co.in/credit-card-types/indian-navy-varunah,Bank of Baroda,Active,,,,,,,,,,,,,,,,,,,,,,
Nainital RENAISSANCE BOBCARD,https://www.bobcard.co.in/credit-card-types/nainital-bank-renaissance,Bank of Baroda,Active,,,,,,,,,,,,,,,,,,,,,,
HPCL ENERGIE BOBCARD,https://www.bobcard.co.in/credit-card-types/hpcl-energie,Bank of Baroda,Active,,,,,,,,,,,,,,,,,,,,,,
SNAPDEAL BOBCARD,https://www.bobcard.co.in/credit-card-types/snapdeal-bobcard,Bank of Baroda,Active,,,,,,,,,,,,,,,,,,,,,,
ASSAM RIFLES THE SENTINEL BOBCARD,https://www.bobcard.co.in/credit-card-types/assam-rifles-the-sentinel,Bank of Baroda,Active,,,,,,,,,,,,,,,,,,,,,,
CMA One BOBCARD,https://www.bobcard.co.in/credit-card-types/cma-one,Bank of Baroda,Active,,,,,,,,,,,,,,,,,,,,,,
BOBCARD EASY,https://www.bobcard.co.in/credit-card-types/easy,Bank of Baroda,Active,,,,,,,,,,,,,,,,,,,,,,
BOBCARD ETERNA,https://www.bobcard.co.in/credit-card-types/eterna,Bank of Baroda,Active,,,,,,,,,,,,,,,,,,,,,,
ICAI EXCLUSIVE BOBCARD,https://www.bobcard.co.in/credit-card-types/icai-exclusive,Bank of Baroda,Active,,,,,,,,,,,,,,,,,,,,,,
ICSI DIAMOND BOBCARD,https://www.bobcard.co.in/credit-card-types/icsi-diamond,Bank of Baroda,Active,,,,,,,,,,,,,,,,,,,,,,
BOBCARD PREMIER,https://www.bobcard.co.in/credit-card-types/premier,Bank of Baroda,Active,,,,,,,,,,,,,,,,,,,,,,
BOBCARD SELECT,https://www.bobcard.co.in/credit-card-types/select,Bank of Baroda,Active,,,,,,,,,,,,,,,,,,,,,,
BOBCARD CORPORATE,https://www.bobcard.co.in/credit-card-types/corporate,Bank of Baroda,Active,,,,,,,,,,,,,,,,,,,,,,
BOBCARD TIARA,https://bobcard.io/TIARA_BoB_KnowMore,Bank of Baroda,Active,,,,,,,,,,,,,,,,,,,,,,
BOBCARD PRIME,https://www.bobcard.co.in/credit-card-types/prime,Bank of Baroda,Active,,,,,,,,,,,,,,,,,,,,,,
BOBCARD EMPOWER,https://www.bobcard.co.in/credit-card-types/empower,Bank of Baroda,Active,,,,,,,,,,,,,,,,,,,,,,
Visa Signature Credit Card,https://canarabank.bank.in/pages/Visa-Signature-Credit-Card,Canara Bank,Active,,,,,,,,,,,,,,,,,,,,,,
Rupay Select Credit Card,https://canarabank.bank.in/pages/Rupay-Select-Credit-Card,Canara Bank,Active,,,,,,,,,,,,,,,,,,,,,,
MasterCard World Credit Card,https://canarabank.bank.in/pages/MasterCard-World-Credit-Card,Canara Bank,Active,,,,,,,,,,,,,,,,,,,,,,
Visa Platinum Credit Card,https://canarabank.bank.in/pages/Visa-platinum-credit-card,Canara Bank,Active,,,,,,,,,,,,,,,,,,,,,,
Rupay Select Secured Credit Card,https://canarabank.bank.in/pages/Rupay-Select-Secured-Credit-Card,Canara Bank,Active,,,,,,,,,,,,,,,,,,,,,,
Mastercard Platinum Credit Card,https://canarabank.bank.in/pages/Mastercard-platinum-credit-card,Canara Bank,Active,,,,,,,,,,,,,,,,,,,,,,
VISA Corporate Credit Card,https://canarabank.bank.in/pages/VISA-Corporate-Credit-Card,Canara Bank,Active,,,,,,,,,,,,,,,,,,,,,,
Rupay Platinum Credit Card,https://canarabank.bank.in/pages/Rupay-Platinum-Credit-Card,Canara Bank,Active,,,,,,,,,,,,,,,,,,,,,,
Mastercard Gold Credit Card,https://canarabank.bank.in/pages/mastercard-gold-credit-card,Canara Bank,Active,,,,,,,,,,,,,,,,,,,,,,
VISA Gold Credit Card,https://canarabank.bank.in/pages/VISA-Gold-Credit-Card,Canara Bank,Active,,,,,,,,,,,,,,,,,,,,,,
Rupay Platinum Secured Credit Card,https://canarabank.bank.in/pages/Rupay-Platinum-Secured-Credit-Card,Canara Bank,Active,,,,,,,,,,,,,,,,,,,,,,
Mastercard Gold Secured Credit Card,https://canarabank.bank.in/pages/mastercard-gold-secured-credit-card,Canara Bank,Active,,,,,,,,,,,,,,,,,,,,,,
VISA Gold Secured Credit Card,https://canarabank.bank.in/pages/VISA-Gold-Secured-Credit-Card,Canara Bank,Active,,,,,,,,,,,,,,,,,,,,,,
Rupay Classic Credit Card,https://canarabank.bank.in/pages/rupay-classic-credit-card,Canara Bank,Active,,,,,,,,,,,,,,,,,,,,,,
MasterCard Standard Credit Card,https://canarabank.bank.in/pages/MasterCard-Standard-Credit-Card,Canara Bank,Active,,,,,,,,,,,,,,,,,,,,,,
VISA Classic Credit Card,https://canarabank.bank.in/pages/VISA-Classic-Credit-Card,Canara Bank,Active,,,,,,,,,,,,,,,,,,,,,,
DBS Spark Credit Card,https://www.dbs.com/in/credit-cards/spark.html ​,DBS,Active,,,,,,,,,,,,,,,,,,,,,,
DBS Vantage Card,https://www.dbs.bank.in/in/credit-cards/vantage.html,DBS,Active,,,,,,,,,,,,,,,,,,,,,,
Bajaj Finserv DBS Bank SuperCard,https://www.dbs.com/in/credit-cards/supercard.html,DBS,Discontinued,,,,,,,,,,,,,,,,,,,,,,
Tiga Credit Card,https://equitas.bank.in/personal-banking/pay/credit-cards/tiga-credit-card/ ​,Equitas Bank,Active,,,,,,,,,,,,,,,,,,,,,,
Selfe Credit Card,https://equitas.bank.in/personal-banking/pay/credit-cards/selfe-credit-card/ ​,Equitas Bank,Active,,,,,,,,,,,,,,,,,,,,,,
Powermiles Credit Card,https://equitas.bank.in/personal-banking/pay/credit-cards/powermiles-credit-card/,Equitas Bank,Active,,,,,,,,,,,,,,,,,,,,,,
Visa Celesta Credit Card,https://www.federal.bank.in/visa-celesta-credit-card,Federal Bank,Active,,,,,,,,,,,,,,,,,,,,,,
Visa Imperio Credit Card,https://www.federal.bank.in/visa-imperio-credit-card,Federal Bank,Active,,,,,,,,,,,,,,,,,,,,,,
Visa Signet Credit Card,https://www.federal.bank.in/visa-signet-credit-card,Federal Bank,Active,,,,,,,,,,,,,,,,,,,,,,
Fed StarBiz Visa Credit Card,https://www.federal.bank.in/fed-starbiz-credit-card-visa,Federal Bank,Active,,,,,,,,,,,,,,,,,,,,,,
Mastercard Celesta Credit Card,https://www.federal.bank.in/celesta-credit-card,Federal Bank,Active,,,,,,,,,,,,,,,,,,,,,,
Mastercard Imperio Credit Card,https://www.federal.bank.in/imperio-credit-card,Federal Bank,Active,,,,,,,,,,,,,,,,,,,,,,
Mastercard Signet Credit Card,https://www.federal.bank.in/signet-credit-card,Federal Bank,Active,,,,,,,,,,,,,,,,,,,,,,
Rupay Signet Credit Card,https://www.federal.bank.in/rupay-signet-credit-card,Federal Bank,Active,,,,,,,,,,,,,,,,,,,,,,
Rupay Wave Credit Card,https://www.federal.bank.in/rupay-wave-credit-card,Federal Bank,Active,,,,,,,,,,,,,,,,,,,,,,
Fed StarBiz RuPay Credit Card,https://www.federal.bank.in/fed-starbiz-credit-card-rupay,Federal Bank,Active,,,,,,,,,,,,,,,,,,,,,,
Multi Currency Card,https://www.makemytrip.com/forex/partners/mmt/forex/bmf/onboarding/landing,FOREX,Active,,,,,,,,,,,,,,,,,,,,,,
Millennia Credit Card,https://www.hdfc.bank.in/credit-cards/millennia-credit-card,HDFC Bank,Active,,,,,,,,,,,,,,,,,,,,,,
Swiggy HDFC Bank Credit Card,https://www.hdfc.bank.in/credit-cards/swiggy-hdfc-bank-credit-card ​,HDFC Bank,Active,,,,,,,,,,,,,,,,,,,,,,
Tata Neu Plus HDFC Bank Credit Card,https://www.hdfc.bank.in/credit-cards/tata-neu-plus-hdfc-bank-credit-card,HDFC Bank,Active,,,,,,,,,,,,,,,,,,,,,,
Diners Club Black Credit Card,https://www.hdfc.bank.in/credit-cards/diners-club-black-credit-card,HDFC Bank,Active,,,,,,,,,,,,,,,,,,,,,,
Diners Privilege Credit Card,https://www.hdfc.bank.in/credit-cards/diners-privilege-credit-card,HDFC Bank,Active,,,,,,,,,,,,,,,,,,,,,,
IndianOil HDFC Bank Credit Card,https://www.hdfc.bank.in/credit-cards/indianoil-hdfc-bank-credit-card,HDFC Bank,Active,,,,,,,,,,,,,,,,,,,,,,
Doctor’s Superia Credit Card,https://www.hdfc.bank.in/credit-cards/doctors-superia-credit-card,HDFC Bank,Active,,,,,,,,,,,,,,,,,,,,,,
Shoppers Stop Black Credit Card,https://www.hdfc.bank.in/credit-cards/shoppers-stop-black-credit-card,HDFC Bank,Active,,,,,,,,,,,,,,,,,,,,,,
Platinum Times Credit Card,https://www.hdfc.bank.in/credit-cards/platinum-times-credit-card,HDFC Bank,Discontinued,,,,,,,,,,,,,,,,,,,,,,
InterMiles HDFC Bank Platinum Credit Card,https://www.hdfc.bank.in/credit-cards/intermiles-platinum-credit-card,HDFC Bank,Discontinued,,,,,,,,,,,,,,,,,,,,,,
Indigo HDFC Bank Credit Card,https://www.hdfc.bank.in/credit-cards/indigo-hdfc-bank-credit-card,HDFC Bank,Discontinued,,,,,,,,,,,,,,,,,,,,,,
6E Rewards Indigo Credit Card,https://www.hdfc.bank.in/credit-cards/6e-rewards-indigo-credit-card,HDFC Bank,Discontinued,,,,,,,,,,,,,,,,,,,,,,
InterMiles HDFC Bank Titanium Credit Card,https://www.hdfc.bank.in/credit-cards/jetprivilege-titanium-credit-card,HDFC Bank,Discontinued,,,,,,,,,,,,,,,,,,,,,,
Bharat Credit Card,https://www.hdfc.bank.in/credit-cards/bharat-credit-card,HDFC Bank,Discontinued,,,,,,,,,,,,,,,,,,,,,,
Infinia Credit Card (Metal Edition),https://www.hdfc.bank.in/credit-cards/infinia-credit-card,HDFC Bank,Active,,,,,,,,,,,,,,,,,,,,,,
Shoppers Stop Credit Card,https://www.hdfc.bank.in/credit-cards/shoppers-stop-credit-card,HDFC Bank,Active,,,,,,,,,,,,,,,,,,,,,,
MoneyBack Credit Card,https://www.hdfc.bank.in/credit-cards/money-back-credit-card,HDFC Bank,Discontinued,,,,,,,,,,,,,,,,,,,,,,
Retailio HDFC Bank Credit Card,https://www.hdfc.bank.in/credit-cards/retailio-credit-card,HDFC Bank,Discontinued,,,,,,,,,,,,,,,,,,,,,,
Teacher’s Platinum Credit Card,https://www.hdfc.bank.in/credit-cards/teachers-platinum-credit-card,HDFC Bank,Active,,,,,,,,,,,,,,,,,,,,,,
Freedom Credit Card,https://www.hdfc.bank.in/credit-cards/freedom-credit-card,HDFC Bank,Active,,,,,,,,,,,,,,,,,,,,,,
Marriott Bonvoy HDFC Bank Credit Card,https://www.hdfc.bank.in/credit-cards/marriott-bonvoy-credit-card,HDFC Bank,Active,,,,,,,,,,,,,,,,,,,,,,
IRCTC Credit Card,https://www.hdfc.bank.in/credit-cards/irctc-credit-card,HDFC Bank,Active,,,,,,,,,,,,,,,,,,,,,,
Paytm Credit Card,https://www.hdfc.bank.in/credit-cards/paytm-credit-card,HDFC Bank,Active,,,,,,,,,,,,,,,,,,,,,,
Titanium Times Card,https://www.hdfc.bank.in/credit-cards/titanium-times-card,HDFC Bank,Discontinued,,,,,,,,,,,,,,,,,,,,,,
6E Rewards XL Indigo Credit Card,https://www.hdfc.bank.in/credit-cards/6e-rewards-xl-indigo-credit-card,HDFC Bank,Discontinued,,,,,,,,,,,,,,,,,,,,,,
InterMiles HDFC Bank Diners Club Credit Card,https://www.hdfc.bank.in/credit-cards/intermiles-diners-club-credit-card,HDFC Bank,Discontinued,,,,,,,,,,,,,,,,,,,,,,
InterMiles HDFC Bank Signature Credit Card,https://www.hdfc.bank.in/credit-cards/intermiles-signature-credit-card,HDFC Bank,Discontinued,,,,,,,,,,,,,,,,,,,,,,
Regalia Gold Credit Card,https://www.hdfc.bank.in/credit-cards/regalia-gold-credit-card,HDFC Bank,Active,,,,,,,,,,,,,,,,,,,,,,
Regalia First Credit Card,https://www.hdfc.bank.in/credit-cards/regalia-first-credit-card,HDFC Bank,Discontinued,,,,,,,,,,,,,,,,,,,,,,
Paytm Mobile Credit Card,https://www.hdfc.bank.in/credit-cards/paytm-mobile-credit-card,HDFC Bank,Active,,,,,,,,,,,,,,,,,,,,,,
Freedom Credit Card (old URL),https://www.hdfc.bank.in/credit-cards/freedom-card-credit-card-old,HDFC Bank,Active,,,,,,,,,,,,,,,,,,,,,,
Diners Club Premium Credit Card,https://www.hdfc.bank.in/credit-cards/diners-club-premium-credit-card,HDFC Bank,Discontinued,,,,,,,,,,,,,,,,,,,,,,
Diners Club Miles Credit Card,https://www.hdfc.bank.in/credit-cards/diners-club-miles-credit-card,HDFC Bank,Discontinued,,,,,,,,,,,,,,,,,,,,,,
AllMiles Credit Card,https://www.hdfc.bank.in/credit-cards/all-miles-credit-card,HDFC Bank,Discontinued,,,,,,,,,,,,,,,,,,,,,,
Diners Club Rewardz Credit Card,https://www.hdfc.bank.in/credit-cards/diners-club-rewardz-credit-card,HDFC Bank,Discontinued,,,,,,,,,,,,,,,,,,,,,,
Visa Signature Credit Card,https://www.hdfc.bank.in/credit-cards/visa-signature-credit-card,HDFC Bank,Discontinued,,,,,,,,,,,,,,,,,,,,,,
Diners Privilege Credit Card (old URL),https://www.hdfc.bank.in/credit-cards/diners-privilege-old-credit-card,HDFC Bank,Active,,,,,,,,,,,,,,,,,,,,,,
World MasterCard Credit Card,https://www.hdfc.bank.in/credit-cards/world-mastercard-credit-card,HDFC Bank,Discontinued,,,,,,,,,,,,,,,,,,,,,,
Titanium Edge Credit Card,https://www.hdfc.bank.in/credit-cards/titanium-edge-credit-card,HDFC Bank,Discontinued,,,,,,,,,,,,,,,,,,,,,,
Paytm HDFC Bank Digital Credit Card,https://www.hdfc.bank.in/credit-cards/paytm-digital-credit-card,HDFC Bank,Active,,,,,,,,,,,,,,,,,,,,,,
Maruti Suzuki NEXA AllMiles Credit Card,https://www.hdfc.bank.in/credit-cards/maruti-suzuki-nexa-allmiles-credit-card,HDFC Bank,Discontinued,,,,,,,,,,,,,,,,,,,,,,
SAP Concur Black Corporate Credit Card,https://www.hdfc.bank.in/credit-cards/sap-concur-black-corporate-credit-card,HDFC Bank,Discontinued,,,,,,,,,,,,,,,,,,,,,,
SAP Concur Prime Corporate Credit Card,https://www.hdfc.bank.in/credit-cards/sap-concur-prime-corporate-credit-card,HDFC Bank,Discontinued,,,,,,,,,,,,,,,,,,,,,,
Platinum Plus Credit Card,https://www.hdfc.bank.in/credit-cards/platinum-plus-credit-card,HDFC Bank,Discontinued,,,,,,,,,,,,,,,,,,,,,,
MoneyBack Plus Credit Card,https://www.hdfc.bank.in/credit-cards/moneyback-plus-credit-card,HDFC Bank,Active,,,,,,,,,,,,,,,,,,,,,,
Doctor’s Regalia Credit Card,https://www.hdfc.bank.in/credit-cards/doctors-regalia-credit-card,HDFC Bank,Discontinued,,,,,,,,,,,,,,,,,,,,,,
Regalia Credit Card,https://www.hdfc.bank.in/credit-cards/regalia-credit-card,HDFC Bank,Discontinued,,,,,,,,,,,,,,,,,,,,,,
Paytm Select Credit Card,https://www.hdfc.bank.in/credit-cards/paytm-select-credit-card,HDFC Bank,Active,,,,,,,,,,,,,,,,,,,,,,
Pine Labs HDFC Bank Credit Card,https://www.hdfc.bank.in/credit-cards/pine-labs-credit-card,HDFC Bank,Active,,,,,,,,,,,,,,,,,,,,,,
Pine Labs HDFC Bank Pro Credit Card,https://www.hdfc.bank.in/credit-cards/pine-labs-pro-credit-card,HDFC Bank,Active,,,,,,,,,,,,,,,,,,,,,,
Platinum Edge Credit Card,https://www.hdfc.bank.in/credit-cards/platinum-edge-credit-card,HDFC Bank,Discontinued,,,,,,,,,,,,,,,,,,,,,,
Paytm Select Business Credit Card,https://www.hdfc.bank.in/credit-cards/paytm-select-business-credit-card,HDFC Bank,Active,,,,,,,,,,,,,,,,,,,,,,
Solitaire Credit Card,https://www.hdfc.bank.in/credit-cards/solitaire-credit-card,HDFC Bank,Discontinued,,,,,,,,,,,,,,,,,,,,,,
Superia Credit Card,https://www.hdfc.bank.in/credit-cards/superia-credit-card,HDFC Bank,Discontinued,,,,,,,,,,,,,,,,,,,,,,
HDFC Bank UPI RuPay Credit Card,https://www.hdfc.bank.in/credit-cards/hdfc-bank-upi-rupay-credit-card,HDFC Bank,Active,,,,,,,,,,,,,,,,,,,,,,
Titanium Times Card (alt URL),https://www.hdfc.bank.in/credit-cards/titanium-times-card-credit-card,HDFC Bank,Discontinued,,,,,,,,,,,,,,,,,,,,,,
Diners Club Black Metal Edition Credit Card,https://www.hdfc.bank.in/credit-cards/diners-club-black-metal-edition-credit-card,HDFC Bank,Active,,,,,,,,,,,,,,,,,,,,,,
Business Corporate Regalia Credit Card,https://www.hdfc.bank.in/credit-cards/business-corporate-regalia-credit-card,HDFC Bank,Discontinued,,,,,,,,,,,,,,,,,,,,,,
Business MoneyBack Credit Card (benefit page),https://www.hdfc.bank.in/credit-cards/business-money-back-annual-spend-benefit,HDFC Bank,Active,,,,,,,,,,,,,,,,,,,,,,
Business MoneyBack Credit Card (T&C page),https://www.hdfc.bank.in/credit-cards/business-money-back-reward-point,HDFC Bank,Discontinued,,,,,,,,,,,,,,,,,,,,,,
H.O.G Diners Club Credit Card,https://www.hdfc.bank.in/credit-cards/hog-diners-club-credit-card,HDFC Bank,Discontinued,,,,,,,,,,,,,,,,,,,,,,
Harley-Davidson Diners Club Credit Card,https://www.hdfc.bank.in/credit-cards/harley-davidson-diners-club-credit-card,HDFC Bank,Active,,,,,,,,,,,,,,,,,,,,,,
Pixel Play Credit Card,https://www.hdfc.bank.in/credit-cards/pixel-play-credit-card,HDFC Bank,Active,,,,,,,,,,,,,,,,,,,,,,
Pixel Go Credit Card,https://www.hdfc.bank.in/credit-cards/pixel-go-credit-card,HDFC Bank,Active,,,,,,,,,,,,,,,,,,,,,,
Paytm Business Credit Card,https://www.hdfc.bank.in/credit-cards/paytm-business-credit-card,HDFC Bank,Active,,,,,,,,,,,,,,,,,,,,,,
Tata Neu Infinity HDFC Bank Credit Card,https://www.hdfc.bank.in/credit-cards/tata-neu-infinity-hdfc-bank-credit-card,HDFC Bank,Active,,,,,,,,,,,,,,,,,,,,,,
Flipkart Wholesale Credit Card,https://www.hdfc.bank.in/credit-cards/flipkart-wholesale-credit-card,HDFC Bank,Active,,,,,,,,,,,,,,,,,,,,,,
PhonePe HDFC Bank Uno Credit Card,https://www.hdfc.bank.in/credit-cards/phonepe-hdfc-bank-uno-credit-card,HDFC Bank,Active,,,,,,,,,,,,,,,,,,,,,,
PhonePe HDFC Bank Ultimo Credit Card,https://www.hdfc.bank.in/credit-cards/phonepe-hdfc-bank-ultimo-credit-card,HDFC Bank,Active,,,,,,,,,,,,,,,,,,,,,,
Regalia Activ Credit Card,https://www.hdfc.bank.in/credit-cards/regalia-activ-credit-card,HDFC Bank,Discontinued,,,,,,,,,,,,,,,,,,,,,,
SAP Concur Prime Corporate Credit Card,https://www.hdfc.bank.in/commercial-credit-cards/hdfc-bank-sap-concur-prime-corporate-credit-card ​,HDFC Bank,Discontinued,,,,,,,,,,,,,,,,,,,,,,
Corporate Platinum Credit Card,https://www.hdfc.bank.in/commercial-credit-cards/corporate-platinum-credit-card ​,HDFC Bank,Active,,,,,,,,,,,,,,,,,,,,,,
Central Travel Account Credit Card,https://www.hdfc.bank.in/commercial-credit-cards/central-travel-account-credit-card ​,HDFC Bank,Active,,,,,,,,,,,,,,,,,,,,,,
Corporate Premium Credit Card,https://www.hdfc.bank.in/commercial-credit-cards/corporate-premium-credit-card ​,HDFC Bank,Active,,,,,,,,,,,,,,,,,,,,,,
SAP Concur Black Corporate Credit Card,https://www.hdfc.bank.in/commercial-credit-cards/hdfc-bank-sap-concur-black-corporate-credit-card ​,HDFC Bank,Active,,,,,,,,,,,,,,,,,,,,,,
Corporate Visa Signature Credit Card,https://www.hdfc.bank.in/commercial-credit-cards/corporate-visa-signature-credit-card ​,HDFC Bank,Active,,,,,,,,,,,,,,,,,,,,,,
Corporate World Master Credit Card,https://www.hdfc.bank.in/commercial-credit-cards/corporate-world-master-credit-card ​,HDFC Bank,Discontinued,,,,,,,,,,,,,,,,,,,,,,
Business Platinum Credit Card (EMV),https://www.hdfc.bank.in/commercial-credit-cards/business-platinum-credit-card ​,HDFC Bank,Discontinued,,,,,,,,,,,,,,,,,,,,,,
Purchase MoneyBack Credit Card,https://www.hdfc.bank.in/commercial-credit-cards/purchase-moneyback-credit-card ​,HDFC Bank,Discontinued,,,,,,,,,,,,,,,,,,,,,,
Purchase Credit Card,https://www.hdfc.bank.in/commercial-credit-cards/purchase-credit-card ​,HDFC Bank,Active,,,,,,,,,,,,,,,,,,,,,,
Purchase Premium Credit Card,https://www.hdfc.bank.in/commercial-credit-cards/purchase-premium-credit-card ​,HDFC Bank,Active,,,,,,,,,,,,,,,,,,,,,,
Purchase Reward Credit Card,https://www.hdfc.bank.in/commercial-credit-cards/purchase-reward-credit-card ​,HDFC Bank,Active,,,,,,,,,,,,,,,,,,,,,,
TMC Card,https://www.hdfc.bank.in/commercial-credit-cards/tmc-credit-card ​,HDFC Bank,Active,,,,,,,,,,,,,,,,,,,,,,
Fleet Credit Card,https://www.hdfc.bank.in/commercial-credit-cards/fleet-credit-card ​,HDFC Bank,Active,,,,,,,,,,,,,,,,,,,,,,
Dealer Credit Card,https://www.hdfc.bank.in/commercial-credit-cards/dealer-credit-card ​,HDFC Bank,Active,,,,,,,,,,,,,,,,,,,,,,
Auto Insurance Card,https://www.hdfc.bank.in/commercial-credit-cards/auto-insurance-card,HDFC Bank,Discontinued,,,,,,,,,,,,,,,,,,,,,,
Visa Platinum Credit Card,https://www.hsbc.co.in/credit-cards/products/visa-platinum/,HSBC,Active,,,,,,,,,,,,,,,,,,,,,,
Premier Credit Card,https://www.hsbc.co.in/credit-cards/products/premier/,HSBC,Active,,,,,,,,,,,,,,,,,,,,,,
Live+ Credit Card,https://www.hsbc.co.in/credit-cards/products/live-plus/,HSBC,Active,,,,,,,,,,,,,,,,,,,,,,
HSBC Taj Credit Card,https://www.hsbc.co.in/credit-cards/products/taj/,HSBC,Active,,,,,,,,,,,,,,,,,,,,,,
HSBC TravelOne Credit Card,https://www.hsbc.co.in/credit-cards/products/travelone/,HSBC,Active,,,,,,,,,,,,,,,,,,,,,,
HSBC RuPay Cashback Credit Card,https://www.hsbc.co.in/credit-cards/products/rupay-cashback-credit-card/,HSBC,Active,,,,,,,,,,,,,,,,,,,,,,
HSBC RuPay Platinum Credit Card,https://www.hsbc.co.in/credit-cards/products/rupay-platinum-credit-card/,HSBC,Active,,,,,,,,,,,,,,,,,,,,,,
HSBC Corporate Card (Travel & Entertainment),https://www.business.hsbc.co.in/en-gb/products/corporate-card ​,HSBC,Active,,,,,,,,,,,,,,,,,,,,,,
Central Travel Card,https://www.business.hsbc.co.in/en-gb/products/central-travel-card ​,HSBC,Active,,,,,,,,,,,,,,,,,,,,,,
Virtual Card,https://www.business.hsbc.co.in/en-gb/products/virtual-card ​,HSBC,Active,,,,,,,,,,,,,,,,,,,,,,
Purchasing Card,https://www.business.hsbc.co.in/en-gb/products/purchasing-card ​,HSBC,Active,,,,,,,,,,,,,,,,,,,,,,
Business Debit Card,https://www.business.hsbc.co.in/en-gb/products/business-debit-card ​,HSBC,Active,,,,,,,,,,,,,,,,,,,,,,
Emeralde Private Metal Credit Card,https://www.icicibank.com/personal-banking/cards/credit-card/emeralde-private-metal-credit-card,ICICI Bank,Active,,,,,,,,,,,,,,,,,,,,,,
Times Black Credit Card,https://www.icici.bank.in/personal-banking/cards/credit-card/times-black-icici-credit-card,ICICI Bank,Active,,,,,,,,,,,,,,,,,,,,,,
Emeralde Credit Card,https://www.icici.bank.in/personal-banking/cards/credit-card/emeralde-credit-card,ICICI Bank,Active,,,,,,,,,,,,,,,,,,,,,,
Sapphiro Credit Card,https://www.icici.bank.in/personal-banking/cards/credit-card/sapphiro-card,ICICI Bank,Active,,,,,,,,,,,,,,,,,,,,,,
Rubyx Credit Card,https://www.icici.bank.in/personal-banking/cards/credit-card/rubyx-credit-card,ICICI Bank,Active,,,,,,,,,,,,,,,,,,,,,,
Coral Credit Card,https://www.icici.bank.in/personal-banking/cards/credit-card/coral-credit-card,ICICI Bank,Active,,,,,,,,,,,,,,,,,,,,,,
Platinum Chip Credit Card,https://www.icici.bank.in/personal-banking/cards/credit-card/platinum-chip-credit-card,ICICI Bank,Active,,,,,,,,,,,,,,,,,,,,,,
Adani One Signature Credit Card,https://www.icici.bank.in/personal-banking/cards/credit-card/adani-icici-credit-card/signature-credit-card,ICICI Bank,Active,,,,,,,,,,,,,,,,,,,,,,
Adani One Platinum Credit Card,https://www.icici.bank.in/personal-banking/cards/credit-card/adani-icici-credit-card/platinum-card,ICICI Bank,Active,,,,,,,,,,,,,,,,,,,,,,
MakeMyTrip Credit Card,https://www.icici.bank.in/personal-banking/cards/credit-card/makemytrip/makemytrip-icici-credit-card,ICICI Bank,Active,,,,,,,,,,,,,,,,,,,,,,
Emirates Emeralde Credit Card,https://www.icici.bank.in/personal-banking/cards/credit-card/emirates-emeralde-credit-card,ICICI Bank,Active,,,,,,,,,,,,,,,,,,,,,,
Emirates Sapphiro Credit Card,https://www.icici.bank.in/personal-banking/cards/credit-card/emirates-sapphiro,ICICI Bank,Active,,,,,,,,,,,,,,,,,,,,,,
Emirates Skywards Rubyx Credit Card,https://www.icici.bank.in/personal-banking/cards/credit-card/emirates-rubyx-credit-card,ICICI Bank,Discontinued,,,,,,,,,,,,,,,,,,,,,,
HPCL Super Saver Credit Card,https://www.icici.bank.in/personal-banking/cards/credit-card/hpcl-super-saver,ICICI Bank,Active,,,,,,,,,,,,,,,,,,,,,,
HPCL Coral Credit Card,https://www.icici.bank.in/personal-banking/cards/credit-card/hpcl-coral-credit-card,ICICI Bank,Active,,,,,,,,,,,,,,,,,,,,,,
Expression Credit Card,https://www.icici.bank.in/personal-banking/cards/credit-card/expressions-card,ICICI Bank,Active,,,,,,,,,,,,,,,,,,,,,,
Amazon Pay Credit Card,https://www.icici.bank.in/personal-banking/cards/credit-card/amazon-pay-credit-card,ICICI Bank,Active,,,,,,,,,,,,,,,,,,,,,,
Manchester United Signature Credit Card,https://www.icici.bank.in/personal-banking/cards/credit-card/manchester-signature-card,ICICI Bank,Active,,,,,,,,,,,,,,,,,,,,,,
Manchester United Platinum Credit Card,https://www.icici.bank.in/personal-banking/cards/credit-card/manchester-platinum-card,ICICI Bank,Active,,,,,,,,,,,,,,,,,,,,,,
MakeMyTrip Signature Credit Card,https://www.icici.bank.in/personal-banking/cards/credit-card/makemytrip/signature-credit-card,ICICI Bank,Discontinued,,,,,,,,,,,,,,,,,,,,,,
MakeMyTrip Platinum Credit Card,https://www.icici.bank.in/personal-banking/cards/credit-card/makemytrip/platinum-credit-card,ICICI Bank,Active,,,,,,,,,,,,,,,,,,,,,,
Chennai Super Kings Credit Card,https://www.icici.bank.in/personal-banking/cards/credit-card/csk-card,ICICI Bank,Discontinued,,,,,,,,,,,,,,,,,,,,,,
Parakram Select Credit Card,https://www.icici.bank.in/personal-banking/cards/credit-card/parakram-cards/parakram-select,ICICI Bank,Active,,,,,,,,,,,,,,,,,,,,,,
Parakram Credit Card,https://www.icici.bank.in/personal-banking/cards/credit-card/parakram-cards/parakram,ICICI Bank,Active,,,,,,,,,,,,,,,,,,,,,,
Corporate Gold Card,https://buy.icici.bank.in/leadform/user-details,ICICI Bank,Active,,,,,,,,,,,,,,,,,,,,,,
Corporate Platinum Card,https://buy.icici.bank.in/leadform/user-details,ICICI Bank,Active,,,,,,,,,,,,,,,,,,,,,,
ICICI Bank Purchase Card,https://www.icici.bank.in/personal-banking/cards/commercial-cards/purchase-card.html,ICICI Bank,Active,,,,,,,,,,,,,,,,,,,,,,
Central Travel Card,https://www.icici.bank.in/business-banking/cards/corporate-card/central-travel-account-card.html,ICICI Bank,Active,,,,,,,,,,,,,,,,,,,,,,
Royale Signature Credit Card,https://www.idbi.bank.in/royal-credit-card.aspx ​,IDBI Bank,Active,,,,,,,,,,,,,,,,,,,,,,
Euphoria World Credit Card,https://www.idbi.bank.in/euphoria-credit-card.aspx ​,IDBI Bank,Active,,,,,,,,,,,,,,,,,,,,,,
Aspire Platinum Credit Card,https://www.idbi.bank.in/aspire-credit-card.aspx ​,IDBI Bank,Active,,,,,,,,,,,,,,,,,,,,,,
Imperium Platinum Credit Card,https://www.idbi.bank.in/Imperium-credit-card.aspx,IDBI Bank,Active,,,,,,,,,,,,,,,,,,,,,,
Winnings Credit Card,https://www.idbi.bank.in/Winnings-credit-card.aspx,IDBI Bank,Active,,,,,,,,,,,,,,,,,,,,,,
Laghu Udhyami Credit Card,https://www.idbi.bank.in/laghu-udhyami-credit-card.aspx,IDBI Bank,Active,,,,,,,,,,,,,,,,,,,,,,
Gaj Credit Card,https://www.idfcfirst.bank.in/credit-card/metal-credit-card/gaj ​,IDFC First Bank,Active,,,,,,,,,,,,,,,,,,,,,,
Ashva Metal Card,https://www.idfcfirst.bank.in/credit-card/metal-credit-card/ashva ​,IDFC First Bank,Active,,,,,,,,,,,,,,,,,,,,,,
Mayura Metal Card,https://www.idfcfirst.bank.in/credit-card/metal-credit-card/mayura,IDFC First Bank,Active,,,,,,,,,,,,,,,,,,,,,,
FIRST Private (Invite Only),https://www.idfcfirst.bank.in/credit-card/FIRSTPrivateCreditCard,IDFC First Bank,Active,,,,,,,,,,,,,,,,,,,,,,
Diamond Reserve Credit Card,https://www.idfcfirst.bank.in/credit-card/diamond-reserve-credit-card,IDFC First Bank,Active,,,,,,,,,,,,,,,,,,,,,,
FIRST WOW! Black,https://www.idfcfirst.bank.in/credit-card/wow-black-credit-card,IDFC First Bank,Active,,,,,,,,,,,,,,,,,,,,,,
IndiGo IDFC FIRST Dual Credit Card,https://www.idfcfirst.bank.in/credit-card/indigo-credit-card,IDFC First Bank,Active,,,,,,,,,,,,,,,,,,,,,,
FIRST WOW!,https://www.idfcfirst.bank.in/credit-card/wow,IDFC First Bank,Active,,,,,,,,,,,,,,,,,,,,,,
FIRST SWYP,https://www.idfcfirst.bank.in/credit-card/swyp-emi-credit-card,IDFC First Bank,Active,,,,,,,,,,,,,,,,,,,,,,
FIRST Select,https://www.idfcfirst.bank.in/credit-card/select,IDFC First Bank,Active,,,,,,,,,,,,,,,,,,,,,,
FIRST Wealth,https://www.idfcfirst.bank.in/credit-card/wealth,IDFC First Bank,Active,,,,,,,,,,,,,,,,,,,,,,
Club Vistara Credit Card,https://www.idfcfirst.bank.in/credit-card/vistara-credit-card,IDFC First Bank,Discontinued,,,,,,,,,,,,,,,,,,,,,,
FIRST Classic,https://www.idfcfirst.bank.in/credit-card/classic,IDFC First Bank,Active,,,,,,,,,,,,,,,,,,,,,,
FIRST Millennia,https://www.idfcfirst.bank.in/credit-card/millennia,IDFC First Bank,Active,,,,,,,,,,,,,,,,,,,,,,
FIRST EA₹N,https://www.idfcfirst.bank.in/credit-card/secured-rupay-credit-card,IDFC First Bank,Active,,,,,,,,,,,,,,,,,,,,,,
FIRST Digital (Virtual UPI),https://www.idfcfirst.bank.in/credit-card/rupay-credit-card,IDFC First Bank,Active,,,,,,,,,,,,,,,,,,,,,,
FIRST Power,https://www.idfcfirst.bank.in/credit-card/hpcl-power-fuel-credit-card,IDFC First Bank,Active,,,,,,,,,,,,,,,,,,,,,,
FIRST Power+,https://www.idfcfirst.bank.in/credit-card/hpcl-power-fuel-credit-card,IDFC First Bank,Active,,,,,,,,,,,,,,,,,,,,,,
LIC Classic,https://www.idfcfirst.bank.in/credit-card/lic-classic-credit-card,IDFC First Bank,Active,,,,,,,,,,,,,,,,,,,,,,
LIC Select,https://www.idfcfirst.bank.in/credit-card/lic-credit-card,IDFC First Bank,Active,,,,,,,,,,,,,,,,,,,,,,
Business Credit Card (SME),https://www.idfcfirst.bank.in/credit-card/business-credit-card-sme,IDFC First Bank,Active,,,,,,,,,,,,,,,,,,,,,,
Corporate Credit Card,https://www.idfcfirst.bank.in/credit-card/corporate-credit-card,IDFC First Bank,Active,,,,,,,,,,,,,,,,,,,,,,
Purchase Credit Card,https://www.idfcfirst.bank.in/credit-card/purchase-credit-card,IDFC First Bank,Active,,,,,,,,,,,,,,,,,,,,,,
EazyDiner IndusInd Bank Platinum Credit Card,https://www.indusind.bank.in/in/en/personal/cards/credit-card/eazydiner-platinum-credit-card.html ​,Indusind Bank,Active,,,,,,,,,,,,,,,,,,,,,,
CRED IndusInd Bank RuPay Credit Card,https://www.indusind.bank.in/in/en/personal/cards/credit-card/CRED-IndusInd-Bank-ruPay-credit-card.html,Indusind Bank,Active,,,,,,,,,,,,,,,,,,,,,,
IndusInd Bank Jio-bp Mobility+ Credit Card,https://www.indusind.bank.in/in/en/personal/cards/credit-card/jio-bp-mobility-credit-card.html,Indusind Bank,Active,,,,,,,,,,,,,,,,,,,,,,
Poonawalla Fincorp IndusInd Bank eLITE RuPay Credit Card,https://www.indusind.bank.in/in/en/personal/cards/credit-card/poonawalla-platinum-rupay-credit-card.html,Indusind Bank,Active,,,,,,,,,,,,,,,,,,,,,,
Indus Solitaire Credit Card,https://www.indusind.bank.in/in/en/personal/cards/credit-card/solitaire-credit-card.html,Indusind Bank,Active,,,,,,,,,,,,,,,,,,,,,,
Pioneer Private Credit Card,https://www.indusind.bank.in/in/en/personal/cards/credit-card/pioneer-private.html,Indusind Bank,Active,,,,,,,,,,,,,,,,,,,,,,
IndusInd Platinum RuPay Credit Card,https://www.indusind.bank.in/in/en/personal/cards/credit-card/platinum-rupay-credit-card.html,Indusind Bank,Active,,,,,,,,,,,,,,,,,,,,,,
Samman Credit Card,https://www.indusind.bank.in/in/en/personal/cards/credit-card/samman-credit-card.html,Indusind Bank,Active,,,,,,,,,,,,,,,,,,,,,,
ePay Amex Credit Card,https://www.indusind.bank.in/in/en/personal/cards/credit-card/epay-amex-card.html,Indusind Bank,Active,,,,,,,,,,,,,,,,,,,,,,
IndusInd Bank Avios Visa Infinite Credit Card,https://www.indusind.bank.in/in/en/personal/cards/credit-card/avios-visa-infinite-credit-card.html,Indusind Bank,Active,,,,,,,,,,,,,,,,,,,,,,
EazyDiner Credit Card,https://www.indusind.bank.in/in/en/personal/cards/credit-card/eazydiner-credit-card.html,Indusind Bank,Active,,,,,,,,,,,,,,,,,,,,,,
Club Vistara Explorer Credit Card,https://www.indusind.bank.in/in/en/personal/cards/credit-card/club-vistara-indusInd-bank-explorer-credit-card.html,Indusind Bank,Discontinued,,,,,,,,,,,,,,,,,,,,,,
Nexxt Credit Card,https://www.indusind.bank.in/in/en/personal/cards/credit-card/nexxt-credit-card.html,Indusind Bank,Active,,,,,,,,,,,,,,,,,,,,,,
Legend Credit Card,https://www.indusind.bank.in/in/en/personal/cards/credit-card/legend-credit-card.html,Indusind Bank,Active,,,,,,,,,,,,,,,,,,,,,,
IndusInd Bank Tiger Credit Card,https://www.indusind.bank.in/in/en/personal/cards/credit-card/tiger-credit-card.html,Indusind Bank,Active,,,,,,,,,,,,,,,,,,,,,,
Indulge Credit Card,https://www.indusind.bank.in/in/en/personal/cards/credit-card/indulge-credit-card.html,Indusind Bank,Active,,,,,,,,,,,,,,,,,,,,,,
Pioneer Heritage Credit Card,https://www.indusind.bank.in/in/en/personal/cards/credit-card/pioneer-heritage-credit-card.html,Indusind Bank,Active,,,,,,,,,,,,,,,,,,,,,,
Pioneer Legacy Credit Card,https://www.indusind.bank.in/in/en/personal/cards/credit-card/pioneer-legacy-credit-card.html,Indusind Bank,Active,,,,,,,,,,,,,,,,,,,,,,
Crest Credit Card,https://www.indusind.bank.in/in/en/personal/cards/credit-card/crest-credit-card.html,Indusind Bank,Active,,,,,,,,,,,,,,,,,,,,,,
Celesta Credit Card,https://www.indusind.bank.in/in/en/personal/cards/credit-card/celesta-credit-card.html,Indusind Bank,Active,,,,,,,,,,,,,,,,,,,,,,
Pinnacle Credit Card,https://www.indusind.bank.in/in/en/personal/cards/credit-card/pinnacle-world-credit-card.html,Indusind Bank,Active,,,,,,,,,,,,,,,,,,,,,,
Platinum Aura Edge Credit Card (Government - Discontinued),https://www.indusind.bank.in/in/en/personal/cards/credit-card/platinum-aura-edge-credit-card-for-government-employees.html,Indusind Bank,Discontinued,,,,,,,,,,,,,,,,,,,,,,
Platinum Visa Credit Card,https://www.indusind.bank.in/in/en/personal/cards/credit-card/platinum-visa-credit-card.html,Indusind Bank,Active,,,,,,,,,,,,,,,,,,,,,,
Platinum Aura Edge Visa/Master Credit Card,https://www.indusind.bank.in/in/en/personal/cards/credit-card/platinum-aura-edge-visa-and-mastercard-credit-card-easy-credit.html,Indusind Bank,Discontinued,,,,,,,,,,,,,,,,,,,,,,
Platinum Master Credit Card,https://www.indusind.bank.in/in/en/personal/cards/credit-card/platinum-master-credit-card.html,Indusind Bank,Active,,,,,,,,,,,,,,,,,,,,,,
InterMiles Odyssey Amex Credit Card,https://www.indusind.bank.in/in/en/personal/cards/credit-card/intermiles-odyssey-amex-credit-card.html,Indusind Bank,Discontinued,,,,,,,,,,,,,,,,,,,,,,
InterMiles Odyssey Visa Credit Card,https://www.indusind.bank.in/in/en/personal/cards/credit-card/intermiles-odyssey-visa-credit-card.html,Indusind Bank,Discontinued,,,,,,,,,,,,,,,,,,,,,,
InterMiles Voyage Amex Credit Card,https://www.indusind.bank.in/in/en/personal/cards/credit-card/intermiles-voyage-amex-credit-card.html,Indusind Bank,Discontinued,,,,,,,,,,,,,,,,,,,,,,
InterMiles Voyage Visa Credit Card,https://www.indusind.bank.in/in/en/personal/cards/credit-card/intermiles-voyage-visa-credit-card.html,Indusind Bank,Active,,,,,,,,,,,,,,,,,,,,,,
Duo Card,https://www.indusind.bank.in/in/en/personal/cards/credit-card/duo-card.html,Indusind Bank,Active,,,,,,,,,,,,,,,,,,,,,,
eSvarna Corporate Card,https://www.indusind.bank.in/in/en/personal/cards/commercial-cards/corporate-card.html,Indusind Bank,Active,,,,,,,,,,,,,,,,,,,,,,
Contactless Corporate Card,https://www.indusind.bank.in/in/en/personal/cards/commercial-cards/contactless-corporate-card.html,Indusind Bank,Active,,,,,,,,,,,,,,,,,,,,,,
Fortuna Prima Card,https://www.indusind.bank.in/in/en/personal/cards/commercial-cards/fortuna-prima-card.html,Indusind Bank,Active,,,,,,,,,,,,,,,,,,,,,,
Fortuna AdvantEdge Card,https://www.indusind.bank.in/in/en/personal/cards/commercial-cards/fortuna-advantedge-card.html,Indusind Bank,Active,,,,,,,,,,,,,,,,,,,,,,
KVB Platinum Credit Card,https://www.kvb.bank.in/personal/cards/kvb-credit-cards/kvb-credit-card/kvb-platinum-credit-card/,,Active,,,,,,,,,,,,,,,,,,,,,,
KVB Honour Credit Card,https://www.kvb.bank.in/personal/cards/kvb-credit-cards/kvb-credit-card/kvb-honour-credit-card/,,Active,,,,,,,,,,,,,,,,,,,,,,
KVB Corporate Credit Card,https://www.kvb.bank.in/personal/cards/kvb-credit-cards/kvb-credit-card/kvb-corporate-credit-card/,,Active,,,,,,,,,,,,,,,,,,,,,,
Karur Vysya SBI Gold Card,https://www.kvb.bank.in/personal/cards/kvb-credit-cards/co-branded-kvb-sbi-credit/kvb-gold-card/,,Active,,,,,,,,,,,,,,,,,,,,,,
Karur Vysya SBI Platinum Card,https://www.kvb.bank.in/personal/cards/kvb-credit-cards/co-branded-kvb-sbi-credit/kvb-sbi-platinum-card/,,Active,,,,,,,,,,,,,,,,,,,,,,
Karur Vysya SBI Signature Card,https://www.kvb.bank.in/personal/cards/kvb-credit-cards/co-branded-kvb-sbi-credit/kvb-sbi-signature-card/,,Active,,,,,,,,,,,,,,,,,,,,,,
Kotak Solitaire Credit Card,https://www.kotak.bank.in/en/personal-banking/cards/credit-cards/kotak-solitaire-credit-card.html,Kotak Bank,Active,,,,,,,,,,,,,,,,,,,,,,
IndianOil Kotak Credit Card,https://www.kotak.bank.in/en/personal-banking/cards/credit-cards/indian-oil-credit-card.html,Kotak Bank,Active,,,,,,,,,,,,,,,,,,,,,,
Zen Signature Credit Card,https://www.kotak.bank.in/en/personal-banking/cards/credit-cards/zen-signature-credit-card.html,Kotak Bank,Active,,,,,,,,,,,,,,,,,,,,,,
Kotak Air+ Credit Card,https://www.kotak.bank.in/en/personal-banking/cards/credit-cards/kotak-air-plus-credit-card.html,Kotak Bank,Active,,,,,,,,,,,,,,,,,,,,,,
Solitaire Business Credit Card,https://www.kotak.bank.in/en/personal-banking/cards/credit-cards/solitaire-business-credit-card.html,Kotak Bank,Active,,,,,,,,,,,,,,,,,,,,,,
League Platinum Credit Card,https://www.kotak.bank.in/en/personal-banking/cards/credit-cards/league-platinum-card.html,Kotak Bank,Active,,,,,,,,,,,,,,,,,,,,,,
PVR INOX Kotak Credit Card,https://www.kotak.bank.in/en/personal-banking/cards/credit-cards/pvr-inox-kotak-credit-card.html,Kotak Bank,Active,,,,,,,,,,,,,,,,,,,,,,
White Credit Card,https://www.kotak.bank.in/en/personal-banking/cards/credit-cards/white-credit-card.html,Kotak Bank,Discontinued,,,,,,,,,,,,,,,,,,,,,,
Kotak Biz Edge Credit Card,https://www.kotak.bank.in/en/personal-banking/cards/credit-cards/biz-edge-credit-card.html,Kotak Bank,Active,,,,,,,,,,,,,,,,,,,,,,
Kotak 811 Credit Card,https://www.kotak.bank.in/en/personal-banking/cards/credit-cards/kotak-811-credit-card.html,Kotak Bank,Active,,,,,,,,,,,,,,,,,,,,,,
PVR Kotak Platinum Credit Card,https://www.kotak.bank.in/en/personal-banking/cards/credit-cards/pvr-platinum-credit-card.html,Kotak Bank,Discontinued,,,,,,,,,,,,,,,,,,,,,,
Kotak IndiGo 6E Rewards XL Credit Card,https://www.kotak.bank.in/en/personal-banking/cards/credit-cards/indigo-kotak-xl-credit-card.html,Kotak Bank,Active,,,,,,,,,,,,,,,,,,,,,,
IndiGo Kotak XL Credit Card,https://www.kotak.bank.in/en/personal-banking/cards/credit-cards/indigo-xl-credit-card.html,Kotak Bank,Active,,,,,,,,,,,,,,,,,,,,,,
IndiGo Kotak Credit Card,https://www.kotak.bank.in/en/personal-banking/cards/credit-cards/indigo-credit-card.html,Kotak Bank,Active,,,,,,,,,,,,,,,,,,,,,,
Kotak Purchase Credit Card,https://www.kotak.bank.in/en/personal-banking/cards/credit-cards/purchase-credit-card.html,Kotak Bank,Active,,,,,,,,,,,,,,,,,,,,,,
PVR Kotak Gold Credit Card,https://www.kotak.bank.in/en/personal-banking/cards/credit-cards/pvr-gold-credit-card.html,Kotak Bank,Active,,,,,,,,,,,,,,,,,,,,,,
811 Dream Different Credit Card,https://www.kotak.bank.in/en/personal-banking/cards/credit-cards/811-dream-different-credit-card.html,Kotak Bank,Active,,,,,,,,,,,,,,,,,,,,,,
Kotak Cashback+ Credit Card,https://www.kotak.bank.in/en/personal-banking/cards/credit-cards/kotak-cashback-plus-credit-card.html,Kotak Bank,Active,,,,,,,,,,,,,,,,,,,,,,
Kotak UPI RuPay Credit Card,https://www.kotak.bank.in/en/personal-banking/cards/credit-cards/kotak-upi-rupay-credit-card.html,Kotak Bank,Active,,,,,,,,,,,,,,,,,,,,,,
Kotak Infinite Credit Card,https://www.kotak.bank.in/en/personal-banking/cards/credit-cards/wealth-management-infinite-credit-card.html,Kotak Bank,Discontinued,,,,,,,,,,,,,,,,,,,,,,
White Reserve Credit Card,https://www.kotak.bank.in/en/personal-banking/cards/credit-cards/white-reserve-credit-card.html,Kotak Bank,Active,,,,,,,,,,,,,,,,,,,,,,
Mojo Platinum Credit Card,https://www.kotak.bank.in/en/personal-banking/cards/credit-cards/mojo-platinum-credit-card.html,Kotak Bank,Discontinued,,,,,,,,,,,,,,,,,,,,,,
IndiGo 6E Rewards Credit Card,https://www.kotak.bank.in/en/personal-banking/cards/credit-cards/indigo-kotak-credit-card.html,Kotak Bank,Active,,,,,,,,,,,,,,,,,,,,,,
Urbane Gold Credit Card,https://www.kotak.bank.in/en/personal-banking/cards/credit-cards/urbane-gold-credit-card.html,Kotak Bank,Discontinued,,,,,,,,,,,,,,,,,,,,,,
Corporate Gold Credit Card,https://www.kotak.bank.in/en/personal-banking/cards/credit-cards/corporate-gold-card.html,Kotak Bank,Discontinued,,,,,,,,,,,,,,,,,,,,,,
Corporate Platinum Credit Card,https://www.kotak.bank.in/en/personal-banking/cards/credit-cards/corporate-platinum-credit-card.html,Kotak Bank,Active,,,,,,,,,,,,,,,,,,,,,,
Royale Signature Credit Card,https://www.kotak.bank.in/en/personal-banking/cards/credit-cards/royale-signature-credit-card.html,Kotak Bank,Discontinued,,,,,,,,,,,,,,,,,,,,,,
Privy League Signature Credit Card,https://www.kotak.bank.in/en/personal-banking/cards/credit-cards/privy-league-signature-credit-card.html,Kotak Bank,Discontinued,,,,,,,,,,,,,,,,,,,,,,
Corporate Wealth Signature Credit Card,https://www.kotak.bank.in/en/personal-banking/cards/credit-cards/corporate-wealth-signature-credit-card.html,Kotak Bank,Active,,,,,,,,,,,,,,,,,,,,,,
NRI Royale Signature Credit Card,https://www.kotak.bank.in/en/personal-banking/cards/credit-cards/nri-royale-signature-card.html,Kotak Bank,Active,,,,,,,,,,,,,,,,,,,,,,
Biz Credit Card,https://www.kotak.bank.in/en/personal-banking/cards/credit-cards/biz-credit-card.html,Kotak Bank,Active,,,,,,,,,,,,,,,,,,,,,,
Solitaire Business Credit Card,"https://www.kotak.bank.in/en/personal-banking/cards/credit-cards/solitaire-business-credit-card.html - Business-focused with low 1.99% p.m. rate, 7X rewards.​",Kotak Bank,Active,,,,,,,,,,,,,,,,,,,,,,
Purchase Credit Card,https://www.kotak.bank.in/en/personal-banking/cards/credit-cards/purchase-credit-card.html -,Kotak Bank,Active,,,,,,,,,,,,,,,,,,,,,,
Corporate Wealth Signature Credit Card,"https://www.kotak.bank.in/en/personal-banking/cards/credit-cards/corporate-wealth-signature-credit-card.html - 8 domestic lounges, Priority Pass, fuel/rail waivers",Kotak Bank,Active,,,,,,,,,,,,,,,,,,,,,,
Corporate Platinum Credit Card,"https://www.kotak.bank.in/en/personal-banking/cards/credit-cards/corporate-platinum-credit-card.html - NIL fees, lounge access, cashbacks",Kotak Bank,Active,,,,,,,,,,,,,,,,,,,,,,
Corporate Gold Credit Card,"https://www.kotak.bank.in/en/personal-banking/cards/credit-cards/corporate-gold-card.html - SMS alerts, free replacement",Kotak Bank,Discontinued,,,,,,,,,,,,,,,,,,,,,,
TMC Credit Card,https://www.kotak.bank.in/en/personal-banking/cards/credit-cards/purchase-credit-card.html,Kotak Bank,Active,,,,,,,,,,,,,,,,,,,,,,
PNB Global Platinum Credit Card,https://www.pnbcard.in/types3.html ​,PNB ,Active,,,,,,,,,,,,,,,,,,,,,,
PNB Global Gold Credit Card,https://www.pnbcard.in/types1.html ​,PNB ,Active,,,,,,,,,,,,,,,,,,,,,,
PNB Global Classic Credit Card,https://www.pnbcard.in/types2.html ​,PNB ,Active,,,,,,,,,,,,,,,,,,,,,,
PNB RuPay Platinum Card,https://www.pnbcard.in/types5.html,PNB ,Active,,,,,,,,,,,,,,,,,,,,,,
PNB RuPay Select Card,https://www.pnbcard.in/types6.html,PNB ,Active,,,,,,,,,,,,,,,,,,,,,,
PNB RuPay Millennial Card,https://www.pnbcard.in/types10.html,PNB ,Active,,,,,,,,,,,,,,,,,,,,,,
PNB Rakshak RuPay Platinum Card,https://www.pnbcard.in/types7.html,PNB ,Active,,,,,,,,,,,,,,,,,,,,,,
PNB Rakshak RuPay Select Card,https://www.pnbcard.in/types8.html,PNB ,Active,,,,,,,,,,,,,,,,,,,,,,
PNB Visa Signature Card,https://www.pnbcard.in/types9.html,PNB ,Active,,,,,,,,,,,,,,,,,,,,,,
PNB Wave & Pay Credit Card,https://www.pnbcard.in/types4.html,PNB ,Active,,,,,,,,,,,,,,,,,,,,,,
PNB Patanjali RuPay Select Card,https://www.pnbcard.in/types11.html,PNB ,Active,,,,,,,,,,,,,,,,,,,,,,
PNB Patanjali RuPay Platinum Card,https://www.pnbcard.in/types12.html [qu,PNB ,Active,,,,,,,,,,,,,,,,,,,,,,
CASHBACK SBI Card,https://www.sbicard.com/en/personal/credit-cards/rewards/cashback-sbi-card.page​,SBI Card,Active,,,,,,,,,,,,,,,,,,,,,,
Flipkart SBI Card,https://www.sbicard.com/en/personal/credit-cards/rewards/flipkart-sbi-card.page,SBI Card,Active,,,,,,,,,,,,,,,,,,,,,,
IndiGo SBI Card,https://www.sbicard.com/en/personal/credit-cards/travel/indigo-sbi-card.page,SBI Card,Active,,,,,,,,,,,,,,,,,,,,,,
SimplyCLICK SBI Card,https://www.sbicard.com/en/personal/credit-cards/shopping/simplyclick-sbi-card.page,SBI Card,Active,,,,,,,,,,,,,,,,,,,,,,
Tata Neu Infinity SBI Card,https://www.sbicard.com/en/personal/credit-cards/lifestyle/tata-neu-infinity-sbi-card.page,SBI Card,Active,,,,,,,,,,,,,,,,,,,,,,
SBI Card Miles Elite,https://www.sbicard.com/en/personal/credit-cards/travel/sbi-card-miles-elite.page,SBI Card,Active,,,,,,,,,,,,,,,,,,,,,,
SBI Card ELITE,https://www.sbicard.com/en/personal/credit-cards/lifestyle/sbi-card-elite.page,SBI Card,Active,,,,,,,,,,,,,,,,,,,,,,
SBI Card PRIME,https://www.sbicard.com/en/personal/credit-cards/rewards/sbi-card-prime.page,SBI Card,Active,,,,,,,,,,,,,,,,,,,,,,
SBI Card PULSE,https://www.sbicard.com/en/personal/credit-cards/lifestyle/sbi-card-pulse.page,SBI Card,Active,,,,,,,,,,,,,,,,,,,,,,
Tata Neu Plus SBI Card,https://www.sbicard.com/en/personal/credit-cards/lifestyle/tata-neu-plus-sbi-card.page,SBI Card,Active,,,,,,,,,,,,,,,,,,,,,,
Doctor's SBI Card (IMA),https://www.sbicard.com/en/personal/credit-cards/lifestyle/doctors-ima-sbi-card.page,SBI Card,Active,,,,,,,,,,,,,,,,,,,,,,
SBI Card ELITE Advantage,https://www.sbicard.com/en/personal/credit-cards/lifestyle/sbi-card-elite-advantage.page,SBI Card,Active,,,,,,,,,,,,,,,,,,,,,,
Doctor's SBI Card,https://www.sbicard.com/en/personal/credit-cards/lifestyle/doctors-sbi-card.page,SBI Card,Active,,,,,,,,,,,,,,,,,,,,,,
PhonePe SBI Card SELECT BLACK,https://www.sbicard.com/en/personal/credit-cards/rewards/phonepe-sbi-card-select-black.page,SBI Card,Active,,,,,,,,,,,,,,,,,,,,,,
PhonePe SBI Card PURPLE,https://www.sbicard.com/en/personal/credit-cards/rewards/phonepe-sbi-card-purple.page,SBI Card,Active,,,,,,,,,,,,,,,,,,,,,,
OLA Money SBI Card,https://www.sbicard.com/en/personal/credit-cards/travel/ola-money-sbi-card.page,SBI Card,Discontinued,,,,,,,,,,,,,,,,,,,,,,
Apollo SBI Card SELECT,https://www.sbicard.com/en/personal/credit-cards/rewards/apollo-sbi-card-select.page,SBI Card,Active,,,,,,,,,,,,,,,,,,,,,,
Apollo SBI Card,https://www.sbicard.com/en/personal/credit-cards/rewards/apollo-sbi-card.page,SBI Card,Active,,,,,,,,,,,,,,,,,,,,,,
SBI Card PRIME Advantage,https://www.sbicard.com/en/personal/credit-cards/rewards/sbi-card-prime-advantage.page,SBI Card,Active,,,,,,,,,,,,,,,,,,,,,,
Tata Card SELECT,https://www.tatacard.com/,SBI Card,Active,,,,,,,,,,,,,,,,,,,,,,
Tata Card,https://www.tatacard.com/,SBI Card,Active,,,,,,,,,,,,,,,,,,,,,,
Paytm SBI Card SELECT,https://www.sbicard.com/en/personal/credit-cards/travel/paytm-sbi-card-select.page,SBI Card,Active,,,,,,,,,,,,,,,,,,,,,,
Paytm SBI Card,https://www.sbicard.com/en/personal/credit-cards/travel/paytm-sbi-card.page,SBI Card,Active,,,,,,,,,,,,,,,,,,,,,,
Landmark Rewards SBI Card PRIME,https://www.sbicard.com/en/personal/credit-cards/shopping/landmark-sbi-card-prime.page,SBI Card,Active,,,,,,,,,,,,,,,,,,,,,,
Landmark Rewards SBI Card SELECT,https://www.sbicard.com/en/personal/credit-cards/shopping/landmark-sbi-card-select.page,SBI Card,Active,,,,,,,,,,,,,,,,,,,,,,
Landmark Rewards SBI Card,https://www.sbicard.com/en/personal/credit-cards/shopping/landmark-sbi-card.page,SBI Card,Active,,,,,,,,,,,,,,,,,,,,,,
Titan SBI Card,https://www.sbicard.com/en/personal/credit-cards/shopping/titan-sbi-card.page,SBI Card,Active,,,,,,,,,,,,,,,,,,,,,,
Reliance SBI Card,https://www.sbicard.com/en/personal/credit-cards/shopping/reliance-sbi-card.page,SBI Card,Active,,,,,,,,,,,,,,,,,,,,,,
Reliance SBI Card PRIME,https://www.sbicard.com/en/personal/credit-cards/shopping/reliance-sbi-card-prime.page,SBI Card,Active,,,,,,,,,,,,,,,,,,,,,,
SBI Card Unnati,https://www.sbicard.com/en/personal/credit-cards/shopping/sbi-card-unnati.page,SBI Card,Active,,,,,,,,,,,,,,,,,,,,,,
SimplyCLICK Advantage SBI Card,https://www.sbicard.com/en/personal/credit-cards/shopping/simplyclick-advantage-sbi-card.page,SBI Card,Active,,,,,,,,,,,,,,,,,,,,,,
SimplySAVE Advantage SBI Card,https://www.sbicard.com/en/personal/credit-cards/shopping/simplysave-advantage-card.page,SBI Card,Active,,,,,,,,,,,,,,,,,,,,,,
Shaurya SBI Card,https://www.sbicard.com/en/personal/credit-cards/defense/shaurya-sbi-card.page,SBI Card,Active,,,,,,,,,,,,,,,,,,,,,,
Shaurya Select SBI Card,https://www.sbicard.com/en/personal/credit-cards/defense/shaurya-select-sbi-card.page,SBI Card,Active,,,,,,,,,,,,,,,,,,,,,,
SimplySAVE SBI Card,https://www.sbicard.com/en/personal/credit-cards/shopping/simplysave-sbi-card.page,SBI Card,Active,,,,,,,,,,,,,,,,,,,,,,
IndiGo SBI Card ELITE,https://www.sbicard.com/en/personal/credit-cards/travel/indigo-sbi-card-elite.page,SBI Card,Active,,,,,,,,,,,,,,,,,,,,,,
KrisFlyer SBI Card,https://www.sbicard.com/en/personal/credit-cards/travel/krisflyer-sbi-card.page,SBI Card,Active,,,,,,,,,,,,,,,,,,,,,,
KrisFlyer SBI Card Apex,https://www.sbicard.com/en/personal/credit-cards/travel/krisflyer-sbi-card-apex.page,SBI Card,Active,,,,,,,,,,,,,,,,,,,,,,
SBI Card MILES PRIME,https://www.sbicard.com/en/personal/credit-cards/travel/sbi-card-miles-prime.page,SBI Card,Active,,,,,,,,,,,,,,,,,,,,,,
SBI Card MILES,https://www.sbicard.com/en/personal/credit-cards/travel/sbi-card-miles.page,SBI Card,Active,,,,,,,,,,,,,,,,,,,,,,
BPCL SBI Card OCTANE,https://www.sbicard.com/en/personal/credit-cards/travel/bpcl-sbi-card-octane.page,SBI Card,Active,,,,,,,,,,,,,,,,,,,,,,
IRCTC SBI Card Premier,https://www.sbicard.com/en/personal/credit-cards/travel/irctc-premier-card.page,SBI Card,Active,,,,,,,,,,,,,,,,,,,,,,
Etihad Guest SBI Premier Card,https://www.sbicard.com/en/personal/credit-cards/travel/etihad-guest-sbi-premier-card.page,SBI Card,Discontinued,,,,,,,,,,,,,,,,,,,,,,
Etihad Guest SBI Card,https://www.sbicard.com/en/personal/credit-cards/travel/etihad-guest-sbi-card.page,SBI Card,Discontinued,,,,,,,,,,,,,,,,,,,,,,
BPCL SBI Card,https://www.sbicard.com/en/personal/credit-cards/travel/bpcl-sbi-card.page,SBI Card,Active,,,,,,,,,,,,,,,,,,,,,,
Club Vistara SBI Card PRIME,https://www.sbicard.com/en/personal/credit-cards/travel/club-vistara-sbi-card-prime.page,SBI Card,Discontinued,,,,,,,,,,,,,,,,,,,,,,
Club Vistara SBI Card,https://www.sbicard.com/en/personal/credit-cards/travel/club-vistara-sbi-card.page,SBI Card,Discontinued,,,,,,,,,,,,,,,,,,,,,,
Air India SBI Signature Card,https://www.sbicard.com/en/personal/credit-cards/travel/air-india-sbi-signature-card.page,SBI Card,Active,,,,,,,,,,,,,,,,,,,,,,
Air India SBI Platinum Card,https://www.sbicard.com/en/personal/credit-cards/travel/air-india-sbi-platinum-card.page,SBI Card,Active,,,,,,,,,,,,,,,,,,,,,,
IRCTC SBI Platinum Card,https://www.sbicard.com/en/personal/credit-cards/travel/irctc-sbi-platinum-card.page,SBI Card,Active,,,,,,,,,,,,,,,,,,,,,,
Bank of Maharashtra SBI Card ELITE,https://www.sbicard.com/en/personal/credit-cards/banking-partnership/bom-sbi-card-elite.page,SBI Card,Active,,,,,,,,,,,,,,,,,,,,,,
Bank of Maharashtra SimplySAVE SBI Card,https://www.sbicard.com/en/personal/credit-cards/banking-partnership/bom-simplysave-sbi-card.page,SBI Card,Active,,,,,,,,,,,,,,,,,,,,,,
Bank of Maharashtra SBI Card PRIME,https://www.sbicard.com/en/personal/credit-cards/banking-partnership/bom-sbi-card-prime.page,SBI Card,Active,,,,,,,,,,,,,,,,,,,,,,
PSB SBI Card ELITE,https://www.sbicard.com/en/personal/credit-cards/banking-partnership/psb-sbi-card-elite.page,SBI Card,Active,,,,,,,,,,,,,,,,,,,,,,
PSB SBI Card PRIME,https://www.sbicard.com/en/personal/credit-cards/banking-partnership/psb-sbi-card-prime.page,SBI Card,Active,,,,,,,,,,,,,,,,,,,,,,
PSB SimplySAVE SBI Card,https://www.sbicard.com/en/personal/credit-cards/banking-partnership/psb-simplysave-sbi-card.page,SBI Card,Active,,,,,,,,,,,,,,,,,,,,,,
UCO Bank SBI Card ELITE,https://www.sbicard.com/en/personal/credit-cards/banking-partnership/uco-bank-sbi-card-elite.page,SBI Card,Active,,,,,,,,,,,,,,,,,,,,,,
UCO Bank SBI Card PRIME,https://www.sbicard.com/en/personal/credit-cards/banking-partnership/uco-bank-sbi-card-prime.page,SBI Card,Active,,,,,,,,,,,,,,,,,,,,,,
UCO Bank SimplySAVE SBI Card,https://www.sbicard.com/en/personal/credit-cards/banking-partnership/uco-bank-simplysave-sbi-card.page,SBI Card,Active,,,,,,,,,,,,,,,,,,,,,,
Central Bank of India SBI Card ELITE,https://www.sbicard.com/en/personal/credit-cards/banking-partnership/central-bank-of-india-elite-card.page,SBI Card,Discontinued,,,,,,,,,,,,,,,,,,,,,,
Central Bank of India SBI Card Prime,https://www.sbicard.com/en/personal/credit-cards/banking-partnership/central-bank-of-india-prime-card.page,SBI Card,Active,,,,,,,,,,,,,,,,,,,,,,
Central Bank Of India SimplySave SBI Card,https://www.sbicard.com/en/personal/credit-cards/banking-partnership/central-bank-of-india-simplysave-sbi-card.page,SBI Card,Active,,,,,,,,,,,,,,,,,,,,,,
City Union Bank SBI Card PRIME,https://www.sbicard.com/en/personal/credit-cards/banking-partnership/city-union-bank-sbi-card-prime.page,SBI Card,Active,,,,,,,,,,,,,,,,,,,,,,
City Union Bank SimplySAVE SBI Card,https://www.sbicard.com/en/personal/credit-cards/banking-partnership/city-union-bank-simplysave-sbi-card.page,SBI Card,Active,,,,,,,,,,,,,,,,,,,,,,
Karnataka Bank SBI Card PRIME,https://www.sbicard.com/en/personal/credit-cards/banking-partnership/karnataka-bank-sbi-card-prime.page,SBI Card,Active,,,,,,,,,,,,,,,,,,,,,,
Karnataka Bank SimplySAVE SBI Card,https://www.sbicard.com/en/personal/credit-cards/banking-partnership/karnataka-bank-simplysave-sbi-card.page,SBI Card,Active,,,,,,,,,,,,,,,,,,,,,,
South Indian Bank SBI Card PRIME,https://www.sbicard.com/en/personal/credit-cards/banking-partnership/south-indian-bank-sbi-card-prime.page,SBI Card,Active,,,,,,,,,,,,,,,,,,,,,,
South Indian Bank SBI Platinum Credit Card,https://www.sbicard.com/en/personal/credit-cards/banking-partnership/south-india-bank-sbi-platinum-card.page,SBI Card,Active,,,,,,,,,,,,,,,,,,,,,,
South Indian Bank SimplySAVE SBI Card,https://www.sbicard.com/en/personal/credit-cards/banking-partnership/south-indian-bank-simplysave-sbi-card.page,SBI Card,Active,,,,,,,,,,,,,,,,,,,,,,
KVB SBI Card ELITE,https://www.sbicard.com/en/personal/credit-cards/banking-partnership/karur-vysya-bank-sbi-card-elite.page,SBI Card,Active,,,,,,,,,,,,,,,,,,,,,,
KVB SBI Card PRIME,https://www.sbicard.com/en/personal/credit-cards/banking-partnership/karur-vysya-bank-sbi-card-prime.page,SBI Card,Active,,,,,,,,,,,,,,,,,,,,,,
KVB SimplySAVE SBI Card,https://www.sbicard.com/en/personal/credit-cards/banking-partnership/karur-vysya-bank-sbi-card-simplysave.page,SBI Card,Active,,,,,,,,,,,,,,,,,,,,,,
KVB SBI Signature Card,https://www.sbicard.com/en/personal/credit-cards/banking-partnership/karur-vysya-bank-sbi-signature-credit-card.page,SBI Card,Active,,,,,,,,,,,,,,,,,,,,,,
Karur Vysya Bank SBI Platinum Credit Card,https://www.sbicard.com/en/personal/credit-cards/banking-partnership/karur-vysya-bank-sbi-platinum-credit-card.page,SBI Card,Active,,,,,,,,,,,,,,,,,,,,,,
Karur Vysya Bank SBI Card Gold,https://www.sbicard.com/en/personal/credit-cards/banking-partnership/karur-vysya-bank-sbi-card-gold.page,SBI Card,Active,,,,,,,,,,,,,,,,,,,,,,
SBI Signature Corporate Card,https://www.sbicard.com/en/corporate/credit-cards/travel-entertainment-cards/sbi-signature-corporate-card.page​,SBI Card,Active,,,,,,,,,,,,,,,,,,,,,,
SBI Platinum Corporate Card,https://www.sbicard.com/en/corporate/credit-cards/travel-entertainment-cards/sbi-platinum-corporate-card.page,SBI Card,Active,,,,,,,,,,,,,,,,,,,,,,
SBI Central Travel Account Card,https://www.sbicard.com/en/corporate/credit-cards/central-travel-cards/sbi-corporate-central-travel-account.page,SBI Card,Active,,,,,,,,,,,,,,,,,,,,,,
SBI Corporate Utility Card,https://www.sbicard.com/en/corporate/credit-cards/utility-cards/sbi-corporate-utility-card.page,SBI Card,Active,,,,,,,,,,,,,,,,,,,,,,
SBI Corporate Purchase Card,https://www.sbicard.com/en/corporate/credit-cards/corporate-purchase-cards/sbi-corporate-purchase-card.page,SBI Card,Active,,,,,,,,,,,,,,,,,,,,,,
SBI Corporate Virtual Card,https://www.sbicard.com/en/corporate/credit-cards/corporate-virtual-card/virtual-card.page,SBI Card,Active,,,,,,,,,,,,,,,,,,,,,,
PSB SBI Card ELITE,https://www.sbicard.com/en/personal/credit-cards/banking-partnership/psb-sbi-card-elite.page,SBI Card,Active,,,,,,,,,,,,,,,,,,,,,,
PSB SBI Card PRIME,https://www.sbicard.com/en/personal/credit-cards/banking-partnership/psb-sbi-card-prime.page,SBI Card,Active,,,,,,,,,,,,,,,,,,,,,,
PSB SimplySAVE SBI Card,https://www.sbicard.com/en/personal/credit-cards/banking-partnership/psb-simplysave-sbi-card.page,SBI Card,Active,,,,,,,,,,,,,,,,,,,,,,
UCO Bank SBI Card ELITE,https://www.sbicard.com/en/personal/credit-cards/banking-partnership/uco-bank-sbi-card-elite.page,SBI Card,Active,,,,,,,,,,,,,,,,,,,,,,
UCO Bank SBI Card PRIME,https://www.sbicard.com/en/personal/credit-cards/banking-partnership/uco-bank-sbi-card-prime.page,SBI Card,Active,,,,,,,,,,,,,,,,,,,,,,
UCO Bank SimplySAVE SBI Card,https://www.sbicard.com/en/personal/credit-cards/banking-partnership/uco-bank-simplysave-sbi-card.page,SBI Card,Active,,,,,,,,,,,,,,,,,,,,,,
Central Bank of India SBI Card ELITE,https://www.sbicard.com/en/personal/credit-cards/banking-partnership/central-bank-of-india-elite-card.page,SBI Card,Discontinued,,,,,,,,,,,,,,,,,,,,,,
Central Bank of India SBI Card Prime,https://www.sbicard.com/en/personal/credit-cards/banking-partnership/central-bank-of-india-prime-card.page,SBI Card,Active,,,,,,,,,,,,,,,,,,,,,,
Central Bank Of India SimplySave SBI Card,https://www.sbicard.com/en/personal/credit-cards/banking-partnership/central-bank-of-india-simplysave-sbi-card.page,SBI Card,Discontinued,,,,,,,,,,,,,,,,,,,,,,
City Union Bank SBI Card PRIME,https://www.sbicard.com/en/personal/credit-cards/banking-partnership/city-union-bank-sbi-card-prime.page,SBI Card,Active,,,,,,,,,,,,,,,,,,,,,,
City Union Bank SimplySAVE SBI Card,https://www.sbicard.com/en/personal/credit-cards/banking-partnership/city-union-bank-simplysave-sbi-card.page,SBI Card,Active,,,,,,,,,,,,,,,,,,,,,,
Karnataka Bank SBI Card PRIME,https://www.sbicard.com/en/personal/credit-cards/banking-partnership/karnataka-bank-sbi-card-prime.page,SBI Card,Active,,,,,,,,,,,,,,,,,,,,,,
Karnataka Bank SimplySAVE SBI Card,https://www.sbicard.com/en/personal/credit-cards/banking-partnership/karnataka-bank-simplysave-sbi-card.page,SBI Card,Active,,,,,,,,,,,,,,,,,,,,,,
South Indian Bank SBI Card PRIME,https://www.sbicard.com/en/personal/credit-cards/banking-partnership/south-indian-bank-sbi-card-prime.page,SBI Card,Active,,,,,,,,,,,,,,,,,,,,,,
South Indian Bank SBI Platinum Credit Card,https://www.sbicard.com/en/personal/credit-cards/banking-partnership/south-india-bank-sbi-platinum-card.page,SBI Card,Active,,,,,,,,,,,,,,,,,,,,,,
South Indian Bank SimplySAVE SBI Card,https://www.sbicard.com/en/personal/credit-cards/banking-partnership/south-indian-bank-simplysave-sbi-card.page,SBI Card,Active,,,,,,,,,,,,,,,,,,,,,,
KVB SBI Card ELITE,https://www.sbicard.com/en/personal/credit-cards/banking-partnership/karur-vysya-bank-sbi-card-elite.page,SBI Card,Active,,,,,,,,,,,,,,,,,,,,,,
KVB SBI Card PRIME,https://www.sbicard.com/en/personal/credit-cards/banking-partnership/karur-vysya-bank-sbi-card-prime.page,SBI Card,Active,,,,,,,,,,,,,,,,,,,,,,
KVB SimplySAVE SBI Card,https://www.sbicard.com/en/personal/credit-cards/banking-partnership/karur-vysya-bank-sbi-card-simplysave.page,SBI Card,Active,,,,,,,,,,,,,,,,,,,,,,
KVB SBI Signature Card,https://www.sbicard.com/en/personal/credit-cards/banking-partnership/karur-vysya-bank-sbi-signature-credit-card.page,SBI Card,Active,,,,,,,,,,,,,,,,,,,,,,
Karur Vysya Bank SBI Platinum Credit Card,https://www.sbicard.com/en/personal/credit-cards/banking-partnership/karur-vysya-bank-sbi-platinum-credit-card.page,SBI Card,Active,,,,,,,,,,,,,,,,,,,,,,
Karur Vysya Bank SBI Card Gold,https://www.sbicard.com/en/personal/credit-cards/banking-partnership/karur-vysya-bank-sbi-card-gold.page,SBI Card,Active,,,,,,,,,,,,,,,,,,,,,,
SBI Signature Corporate Card,https://www.sbicard.com/en/corporate/credit-cards/travel-entertainment-cards/sbi-signature-corporate-card.page​,SBI Card,Active,,,,,,,,,,,,,,,,,,,,,,
SBI Platinum Corporate Card,https://www.sbicard.com/en/corporate/credit-cards/travel-entertainment-cards/sbi-platinum-corporate-card.page,SBI Card,Active,,,,,,,,,,,,,,,,,,,,,,
SBI Central Travel Account Card,https://www.sbicard.com/en/corporate/credit-cards/central-travel-cards/sbi-corporate-central-travel-account.page,SBI Card,Active,,,,,,,,,,,,,,,,,,,,,,
SBI Corporate Utility Card,https://www.sbicard.com/en/corporate/credit-cards/utility-cards/sbi-corporate-utility-card.page,SBI Card,Active,,,,,,,,,,,,,,,,,,,,,,
SBI Corporate Purchase Card,https://www.sbicard.com/en/corporate/credit-cards/corporate-purchase-cards/sbi-corporate-purchase-card.page,SBI Card,Active,,,,,,,,,,,,,,,,,,,,,,
SBI Corporate Virtual Card,https://www.sbicard.com/en/corporate/credit-cards/corporate-virtual-card/virtual-card.page,SBI Card,Active,,,,,,,,,,,,,,,,,,,,,,
Rewards Credit Card,https://www.sc.com/in/credit-cards/rewards-credit-card/?pid=cc_rewardscard_cclp&cid=cc_rewardscard_cclp,Standard Chartered,Active,,,,,,,,,,,,,,,,,,,,,,
EaseMyTrip Credit Card,https://www.sc.com/in/credit-cards/easemytrip-credit-card/?pid=cc_emtcard_cclp&cid=cc_emtcard_cclp,Standard Chartered,Active,,,,,,,,,,,,,,,,,,,,,,
Smart Credit Card,https://www.sc.com/in/credit-cards/smart-credit-card/?pid=cc_smartcard_cclp&cid=cc_smartcard_cclp,Standard Chartered,Active,,,,,,,,,,,,,,,,,,,,,,
Ultimate Credit Card,https://www.sc.com/in/credit-cards/ultimate-card/?pid=cc_ultimatecard_cclp&cid=cc_ultimatecard_cclp,Standard Chartered,Active,,,,,,,,,,,,,,,,,,,,,,
Platinum Rewards Card,https://www.sc.com/in/credit-cards/platinum-rewards/?pid=cc_platrewardscard_cclp&cid=cc_platrewardscard_cclp,Standard Chartered,Active,,,,,,,,,,,,,,,,,,,,,,
Super Value Titanium Credit Card,https://www.sc.com/in/credit-cards/super-value-titanium/​,Standard Chartered,Active,,,,,,,,,,,,,,,,,,,,,,
Manhattan Credit Card,https://www.sc.com/in/credit-cards/manhattan-platinum/,Standard Chartered,Active,,,,,,,,,,,,,,,,,,,,,,
Priority Visa Infinite Credit Card,https://www.sc.com/in/credit-cards/priority-banking-visa-infinite/,Standard Chartered,Active,,,,,,,,,,,,,,,,,,,,,,
DigiSmart Credit Card,https://www.sc.com/in/credit-cards/digismart-card/,Standard Chartered,Discontinued,,,,,,,,,,,,,,,,,,,,,,
Multicurrency Forex Card,https://www.sc.com/in/deposits/multicurrency-forex-card/?intcid=web-nov%2722-fx-en&pid=fx_prepaidcard_fxc,Standard Chartered,Active,,,,,,,,,,,,,,,,,,,,,,
Union JCB Wellness Credit Card,https://www.unionbankofindia.bank.in/en/Details/union-jcb-wellness-credit-card​,Union Bank of India,Active,,,,,,,,,,,,,,,,,,,,,,
RuPay Select Credit Card,https://www.unionbankofindia.bank.in/en/Details/rupay-select-credit-card​,Union Bank of India,Active,,,,,,,,,,,,,,,,,,,,,,
Union JCB Health Credit Card,https://www.unionbankofindia.bank.in/en/Details/union-jcb-health-credit-card​,Union Bank of India,Active,,,,,,,,,,,,,,,,,,,,,,
Union UNI-CARBON Credit Card,https://www.unionbankofindia.bank.in/en/Details/union-uni-carbon-credit-card​,Union Bank of India,Active,,,,,,,,,,,,,,,,,,,,,,
RuPay Platinum Credit Card,https://www.unionbankofindia.bank.in/en/Details/rupay-platinum-credit-card​,Union Bank of India,Active,,,,,,,,,,,,,,,,,,,,,,
VISA Signature Credit Card,https://www.unionbankofindia.bank.in/en/Details/visa-signature-credit-card​,Union Bank of India,Active,,,,,,,,,,,,,,,,,,,,,,
VISA Platinum Credit Card,https://www.unionbankofindia.bank.in/en/Details/visa-platinum-credit-card​,Union Bank of India,Active,,,,,,,,,,,,,,,,,,,,,,
VISA Gold Credit Card,https://www.unionbankofindia.bank.in/en/Details/visa-gold-credit-card​,Union Bank of India,Active,,,,,,,,,,,,,,,,,,,,,,
Divaā Credit Card,https://www.unionbankofindia.bank.in/en/Details/divaa-credit-card​,Union Bank of India,Active,,,,,,,,,,,,,,,,,,,,,,
Union Unicorn RuPay Credit Card,https://www.unionbankofindia.bank.in/en/Details/union-unicorn-credit-card​,Union Bank of India,Active,,,,,,,,,,,,,,,,,,,,,,
Union Sparsh Credit Card,https://www.unionbankofindia.bank.in/en/Details/union-sparsh-credit-card​,Union Bank of India,Active,,,,,,,,,,,,,,,,,,,,,,
NEXTERIA Credit Card,https://www.unionbankofindia.bank.in/en/Details/nexteria-credit-card,Union Bank of India,Active,,,,,,,,,,,,,,,,,,,,,,
Cookies Credit Card,https://www.rbl.bank.in/personal-banking/cards/credit-cards/cookies-credit-card,RBL Bank,Active,,,,,,,,,,,,,,,,,,,,,,
Platinum Maxima Plus Credit Card,https://www.rbl.bank.in/personal-banking/cards/credit-cards/platinum-maxima-plus-credit-card,RBL Bank,Active,,,,,,,,,,,,,,,,,,,,,,
Icon Credit Card,https://www.rbl.bank.in/personal-banking/cards/credit-cards/icon-credit-card,RBL Bank,Active,,,,,,,,,,,,,,,,,,,,,,
ShopRite Credit Card,https://www.rbl.bank.in/personal-banking/cards/credit-cards/shoprite-credit-card,RBL Bank,Active,,,,,,,,,,,,,,,,,,,,,,
Monthly Treats Credit Card,https://www.rbl.bank.in/personal-banking/cards/credit-cards/monthly-treats-credit-card,RBL Bank,Active,,,,,,,,,,,,,,,,,,,,,,
World Safari Credit Card,https://www.rbl.bank.in/personal-banking/cards/credit-cards/world-safari-credit-card,RBL Bank,Active,,,,,,,,,,,,,,,,,,,,,,
Platinum Delight Credit Card,https://www.rbl.bank.in/personal-banking/cards/credit-cards/platinum-delight-credit-card,RBL Bank,Active,,,,,,,,,,,,,,,,,,,,,,
Platinum Maxima Credit Card,https://www.rbl.bank.in/personal-banking/cards/credit-cards/platinum-maxima-credit-card,RBL Bank,Active,,,,,,,,,,,,,,,,,,,,,,
Platinum Choice Credit Card,https://www.rbl.bank.in/personal-banking/cards/credit-cards/platinum-choice-credit-card,RBL Bank,Active,,,,,,,,,,,,,,,,,,,,,,
World Plus Credit Card,https://www.rbl.bank.in/personal-banking/cards/credit-cards/world-plus-credit-card,RBL Bank,Active,,,,,,,,,,,,,,,,,,,,,,
Platinum Advantage Credit Card,https://www.rbl.bank.in/personal-banking/cards/credit-cards/platinum-advantage-credit-card,RBL Bank,Active,,,,,,,,,,,,,,,,,,,,,,
Platinum LifeEasy Credit Card,https://www.rbl.bank.in/personal-banking/cards/credit-cards/platinum-lifeeasy-credit-card,RBL Bank,Active,,,,,,,,,,,,,,,,,,,,,,
RBL Bank Play Credit Card,https://www.rbl.bank.in/personal-banking/cards/credit-cards/rbl-bank-play-credit-card,RBL Bank,Active,,,,,,,,,,,,,,,,,,,,,,
RBL Bank Movies and More Credit Card,https://www.rbl.bank.in/personal-banking/cards/credit-cards/rbl-bank-movies-and-more-credit-card,RBL Bank,Active,,,,,,,,,,,,,,,,,,,,,,
RBL Bank Blockbuster Credit Card,https://www.rbl.bank.in/personal-banking/cards/credit-cards/rbl-bank-blockbuster-credit-card,RBL Bank,Discontinued,,,,,,,,,,,,,,,,,,,,,,
Insignia Preferred Banking Credit Card,https://www.rbl.bank.in/personal-banking/cards/credit-cards/insignia-preferred-banking-credit-card,RBL Bank,Active,,,,,,,,,,,,,,,,,,,,,,
Titanium Delight Credit Card,https://www.rbl.bank.in/personal-banking/cards/credit-cards/titanium-delight-credit-card,RBL Bank,Discontinued,,,,,,,,,,,,,,,,,,,,,,
RBL Bank BankBazaar SaveMax Credit Card,https://www.rbl.bank.in/personal-banking/cards/credit-cards/rbl-bank-bankbazaar-savemax-credit-card,RBL Bank,Active,,,,,,,,,,,,,,,,,,,,,,
RBL Bank BankBazaar SaveMax Pro Credit Card,https://www.rbl.bank.in/personal-banking/cards/credit-cards/rbl-bank-bankbazaar-savemax-pro-credit-card,RBL Bank,Active,,,,,,,,,,,,,,,,,,,,,,
RBL Bank PaisaBazaar Duet Credit Card,https://www.rbl.bank.in/personal-banking/cards/credit-cards/rbl-bank-paisabazaar-duet-credit-card,RBL Bank,Active,,,,,,,,,,,,,,,,,,,,,,
RBL Bank PaisaBazaar Duet Plus Credit Card,https://www.rbl.bank.in/personal-banking/cards/credit-cards/rbl-bank-paisabazaar-duet-plus-credit-card,RBL Bank,Active,,,,,,,,,,,,,,,,,,,,,,
Fun Plus Credit Card,https://www.rbl.bank.in/personal-banking/cards/credit-cards/rbl-bank-fun-plus-credit-card,RBL Bank,Discontinued,,,,,,,,,,,,,,,,,,,,,,
MoCash Credit Card,https://www.rbl.bank.in/personal-banking/cards/credit-cards/mocash-credit-card,RBL Bank,Active,,,,,,,,,,,,,,,,,,,,,,
EasySaver Credit Card,https://www.rbl.bank.in/personal-banking/cards/credit-cards/easysaver-credit-card,RBL Bank,Active,,,,,,,,,,,,,,,,,,,,,,
MyFirst Credit Card,https://www.rbl.bank.in/personal-banking/cards/credit-cards/myfirst-credit-card,RBL Bank,Active,,,,,,,,,,,,,,,,,,,,,,
Binge Credit Card,https://www.rbl.bank.in/personal-banking/cards/credit-cards/binge-credit-card,RBL Bank,Active,,,,,,,,,,,,,,,,,,,,,,
Platinum ShopGain Credit Card,https://www.rbl.bank.in/personal-banking/cards/credit-cards/platinum-shopgain-credit-card,RBL Bank,Active,,,,,,,,,,,,,,,,,,,,,,
Platinum Bonus Credit Card,https://www.rbl.bank.in/personal-banking/cards/credit-cards/platinum-bonus-credit-card,RBL Bank,Active,,,,,,,,,,,,,,,,,,,,,,
Platinum Prime Credit Card,https://www.rbl.bank.in/personal-banking/cards/credit-cards/platinum-prime-credit-card,RBL Bank,Discontinued,,,,,,,,,,,,,,,,,,,,,,
Platinum Max Credit Card,https://www.rbl.bank.in/personal-banking/cards/credit-cards/platinum-max-credit-card,RBL Bank,Active,,,,,,,,,,,,,,,,,,,,,,
Platinum Classic Credit Card,https://www.rbl.bank.in/personal-banking/cards/credit-cards/platinum-classic-credit-card,RBL Bank,Discontinued,,,,,,,,,,,,,,,,,,,,,,
World Max Credit Card,https://www.rbl.bank.in/personal-banking/cards/credit-cards/world-max-credit-card,RBL Bank,Active,,,,,,,,,,,,,,,,,,,,,,
RBL Bank Popcorn Credit Card,https://www.rbl.bank.in/personal-banking/cards/credit-cards/rbl-bank-popcorn-credit-card,RBL Bank,Active,,,,,,,,,,,,,,,,,,,,,,
Platinum ValuePlus Credit Card,https://www.rbl.bank.in/personal-banking/cards/credit-cards/platinum-valueplus-credit-card,RBL Bank,Active,,,,,,,,,,,,,,,,,,,,,,
Platinum ShopSmart Credit Card,https://www.rbl.bank.in/personal-banking/cards/credit-cards/platinum-shopsmart-credit-card,RBL Bank,Active,,,,,,,,,,,,,,,,,,,,,,
Platinum TravelEasy Credit Card,https://www.rbl.bank.in/personal-banking/cards/credit-cards/platinum-traveleasy-credit-card,RBL Bank,Active,,,,,,,,,,,,,,,,,,,,,,
World Prime Credit Card,https://www.rbl.bank.in/personal-banking/cards/credit-cards/world-prime-credit-card,RBL Bank,Active,,,,,,,,,,,,,,,,,,,,,,
Platinum Plus Credit Card,https://www.rbl.bank.in/personal-banking/cards/credit-cards/platinum-plus-credit-card,RBL Bank,Active,,,,,,,,,,,,,,,,,,,,,,
Platinum ShopDaily Credit Card,https://www.rbl.bank.in/personal-banking/cards/credit-cards/platinum-shopdaily-credit-card,RBL Bank,Active,,,,,,,,,,,,,,,,,,,,,,
MoneyTap Black Credit Card,https://www.rbl.bank.in/personal-banking/cards/credit-cards/moneytap-black-credit-card,RBL Bank,Discontinued,,,,,,,,,,,,,,,,,,,,,,
MoneyTap Credit Card,https://www.rbl.bank.in/personal-banking/cards/credit-cards/moneytap-credit-card,RBL Bank,Active,,,,,,,,,,,,,,,,,,,,,,
Platinum Edge Credit Card,https://www.rbl.bank.in/personal-banking/cards/credit-cards/platinum-edge-credit-card,RBL Bank,Active,,,,,,,,,,,,,,,,,,,,,,
iGlobe Credit Card,https://www.rbl.bank.in/personal-banking/cards/credit-cards/iglobe-credit-card,RBL Bank,Active,,,,,,,,,,,,,,,,,,,,,,
DMI Finance Credit Card,https://www.rbl.bank.in/personal-banking/cards/credit-cards/dmi-finance-credit-card,RBL Bank,Active,,,,,,,,,,,,,,,,,,,,,,
IRCTC RBL Bank RuPay Credit Card,https://www.rbl.bank.in/personal-banking/cards/credit-cards/irctc-rbl-bank-rupay-credit-card,RBL Bank,Active,,,,,,,,,,,,,,,,,,,,,,
IndianOil RBL Bank Credit Card,https://www.rbl.bank.in/personal-banking/cards/credit-cards/indianoil-rbl-bank-credit-card,RBL Bank,Active,,,,,,,,,,,,,,,,,,,,,,
IndianOil RBL Bank XTRA Credit Card,https://www.rbl.bank.in/personal-banking/cards/credit-cards/indianoil-rbl-bank-xtra-credit-card,RBL Bank,Active,,,,,,,,,,,,,,,,,,,,,,
RBL Bank Patanjali Swarn Credit Card,https://www.rbl.bank.in/personal-banking/cards/credit-cards/rbl-bank-patanjali-swarn-credit-card,RBL Bank,Active,,,,,,,,,,,,,,,,,,,,,,
RBL Bank Patanjali Vishisht Credit Card,https://www.rbl.bank.in/personal-banking/cards/credit-cards/rbl-bank-patanjali-vishisht-credit-card,RBL Bank,Active,,,,,,,,,,,,,,,,,,,,,,
TVS Credit RBL Bank Gold Credit Card,https://www.rbl.bank.in/personal-banking/cards/credit-cards/tvs-credit-rbl-bank-gold-credit-card,RBL Bank,Active,,,,,,,,,,,,,,,,,,,,,,
TVS Credit RBL Bank Credit Card,https://www.rbl.bank.in/personal-banking/cards/credit-cards/tvs-credit-rbl-bank-credit-card,RBL Bank,Active,,,,,,,,,,,,,,,,,,,,,,
Salaryse Up Credit Card,https://www.rbl.bank.in/personal-banking/cards/credit-cards/salaryse-up-credit-card,RBL Bank,Active,,,,,,,,,,,,,,,,,,,,,,
RBL Bank Quick Pay Credit Card,https://www.rbl.bank.in/personal-banking/cards/credit-cards/rbl-bank-quick-pay-credit-card,RBL Bank,Active,,,,,,,,,,,,,,,,,,,,,,
Signature Banking Credit Card,https://www.rbl.bank.in/personal-banking/cards/credit-cards/signature-banking-credit-card,RBL Bank,Active,,,,,,,,,,,,,,,,,,,,,,
Aspire Banking Credit Card,https://www.rbl.bank.in/personal-banking/cards/credit-cards/aspire-banking-credit-card,RBL Bank,Active,,,,,,,,,,,,,,,,,,,,,,
Lumiere Credit Card,https://www.rbl.bank.in/personal-banking/cards/credit-cards/lumiere-credit-card,RBL Bank,Active,,,,,,,,,,,,,,,,,,,,,,
Nova Credit Card,https://www.rbl.bank.in/personal-banking/cards/credit-cards/nova-credit-card,RBL Bank,Active,,,,,,,,,,,,,,,,,,,,,,
Apex Credit Card,https://www.rbl.bank.in/personal-banking/cards/credit-cards/apex-credit-card,RBL Bank,Active,,,,,,,,,,,,,,,,,,,,,,
Lumière Credit Card,https://www.rbl.bank.in/personal-banking/cards/credit-cards/lumiere-credit-card,RBL Bank ​,Active,,,,,,,,,,,,,,,,,,,,,,
Nova Credit Card,https://www.rbl.bank.in/personal-banking/cards/credit-cards/nova-credit-card,RBL Bank,Active,,,,,,,,,,,,,,,,,,,,,,